<?xml version='1.0' encoding='UTF-8' ?>
<timeLogEntries>
  <time id="68" delta="-180" flag="M" />
  <time id="66" flag="D" />
  <time id="65" flag="D" />
  <time id="70" delta="-140" flag="M" />
  <time id="79" flag="D" />
  <time id="80" flag="D" />
  <time id="82" flag="D" />
  <time id="83" flag="D" />
  <time id="84" flag="D" />
  <time id="90" delta="20" flag="M" />
  <time id="67" flag="D" />
  <time id="69" delta="-10" flag="M" />
  <time id="99" flag="D" />
  <time id="114" flag="D" />
  <time id="115" flag="D" />
</timeLogEntries>
