<?xml version='1.0' encoding='UTF-8' ?>
<timeLogEntries>
  <time id="147" path="/Proyecto/Proyecto3GM/Ciclo3/Test_/P11: Reputacion/CRM-DB/Planning" start="@1415241258475" delta="5" flag="A" />
  <time id="148" path="/Proyecto/Proyecto3GM/Ciclo3/Test_/P11: Reputacion/CRM-DB/Design" start="@1415241574748" delta="4" flag="A" />
  <time id="149" path="/Proyecto/Proyecto3GM/Ciclo3/Test_/P11: Reputacion/CRM-DB/Design Review" start="@1415241837315" delta="3" flag="A" />
  <time id="150" path="/Proyecto/Proyecto3GM/Ciclo3/Test_/P11: Reputacion/CRM-DB/Code" start="@1415242005055" delta="1" flag="A" />
  <time id="151" path="/Proyecto/Proyecto3GM/Ciclo3/Test_/P11: Reputacion/CRM-SugarCallOut/Planning" start="@1415242657924" delta="3" flag="A" />
  <time id="152" path="/Proyecto/Proyecto3GM/Ciclo3/Test_/P11: Reputacion/CRM-SugarCallOut/Design" start="@1415242809803" delta="4" flag="A" />
  <time id="153" path="/Proyecto/Proyecto3GM/Ciclo3/Test_/P11: Reputacion/CRM-SugarCallOut/Planning" start="@1415243059293" delta="4" flag="A" />
  <time id="154" path="/Proyecto/Proyecto3GM/Ciclo3/Test_/P11: Reputacion/CRM-SugarCallOut/Code" start="@1415243274268" delta="3" flag="A" />
  <time id="155" path="/Proyecto/Proyecto3GM/Ciclo3/Test_/P11: Reputacion/CRM-SugarCallOut/Postmortem" start="@1415243555339" delta="2" flag="A" />
  <time id="156" path="/Proyecto/Proyecto3GM/Ciclo3/Test_/P11: Reputacion/CRM-SugarCallOut/Compile" start="@1415243790203" delta="6" flag="A" />
  <time id="157" path="/Proyecto/Proyecto3GM/Ciclo3/Test_/P11: Reputacion/CRM-SugarCallOut/Test" start="@1415244329752" delta="3" flag="A" />
  <time id="158" path="/Proyecto/Proyecto3GM/Ciclo3/Test_/P11: Reputacion/CRM-SugarCallOut/Compile" start="@1415244774564" delta="10" flag="A" />
</timeLogEntries>
