<?xml version='1.0' encoding='UTF-8' ?>
<timeLogEntries>
  <time id="15" start="@1407047350000" delta="210" comment="Solucionando problemas de apache (máquina personal)" flag="M" />
  <time id="16" path="/Proyecto/Proyecto3GM/Encuestas/P4: Implementación de políticas para creación de encuestas de satisfacción a las campañas de MPLA/Logica de negocio/Planning" start="@1407081852000" delta="45" comment="Tutorial componente front end de Joomla" flag="A" />
  <time id="17" path="/Proyecto/Proyecto3GM/Encuestas/P4: Implementación de políticas para creación de encuestas de satisfacción a las campañas de MPLA/Logica de negocio/Planning" start="@1407081885000" delta="240" comment="Tutorial componente back end de Joomla" flag="A" />
  <time id="18" path="/Proyecto/Proyecto3GM/Encuestas/P4: Implementación de políticas para creación de encuestas de satisfacción a las campañas de MPLA/Logica de negocio/Design Review" start="@1407600320000" delta="150" flag="A" />
  <time id="19" path="/Proyecto/Proyecto3GM/Encuestas/P4: Implementación de políticas para creación de encuestas de satisfacción a las campañas de MPLA/Logica de negocio/Design Review" start="@1407686732000" delta="120" flag="A" />
  <time id="20" path="/Proyecto/Proyecto3GM/Encuestas/P4: Implementación de políticas para creación de encuestas de satisfacción a las campañas de MPLA/Logica de negocio/Design Review" start="@1407773139000" delta="120" flag="A" />
  <time id="21" path="/Proyecto/Proyecto3GM/Encuestas/P4: Implementación de políticas para creación de encuestas de satisfacción a las campañas de MPLA/Logica de negocio/Design Review" start="@1407859545000" delta="120" flag="A" />
  <time id="22" path="/Proyecto/Proyecto3GM/Encuestas/P4: Implementación de políticas para creación de encuestas de satisfacción a las campañas de MPLA/Logica de negocio/Design Review" start="@1408032457000" delta="60" flag="A" />
  <time id="23" path="/Proyecto/Proyecto3GM/Encuestas/P4: Implementación de políticas para creación de encuestas de satisfacción a las campañas de MPLA/Logica de negocio/Postmortem" start="@1409328493542" delta="45" flag="A" />
  <time id="24" path="/Proyecto/Proyecto3GM/Encuestas/Integracion/Planning" start="@1409328545901" delta="60" comment="solucionar problemas de integracion nusoap con oracle" flag="A" />
  <time id="25" path="/Proyecto/Proyecto3GM/Encuestas/Integracion/Planning" start="@1408723838000" delta="60" comment="plan de pruebas integracion" flag="A" />
</timeLogEntries>
