<?xml version='1.0' encoding='UTF-8' ?>
<timeLogEntries>
  <time id="10" path="/Proyecto/Proyecto3_IE/Encuestas/Integracion/Planning" start="@1407047029000" delta="84" flag="A" />
  <time id="11" path="/Proyecto/Proyecto3_IE/Encuestas/Integracion/Planning" start="@1407133469000" delta="120" flag="A" />
  <time id="12" path="/Proyecto/Proyecto3_IE/Encuestas/Integracion/Design" start="@1407133518000" delta="90" flag="A" />
  <time id="13" path="/Proyecto/Proyecto3_IE/Encuestas/Integracion/Design Review" start="@1407219966000" delta="120" flag="A" />
  <time id="14" path="/Proyecto/Proyecto3_IE/Encuestas/Integracion/Code" start="@1407392810000" delta="60" flag="A" />
  <time id="15" path="/Proyecto/Proyecto3_IE/Encuestas/Integracion/Test" start="@1407392834000" delta="20" flag="A" />
  <time id="16" path="/Proyecto/Proyecto3_IE/Encuestas/Integracion/Postmortem" start="@1407652064000" delta="15" flag="A" />
  <time id="17" path="/Proyecto/Proyecto3_IE/Encuestas/Integracion/Code Review" start="@1407824903000" delta="60" flag="A" />
  <time id="18" path="/Proyecto/Proyecto3_IE/Encuestas/Integracion/Planning" start="@1407824925000" delta="60" flag="A" />
  <time id="19" path="/Proyecto/Proyecto3_IE/Encuestas/Integracion/Design" start="@1408084143000" delta="90" flag="A" />
</timeLogEntries>
