<?xml version='1.0' encoding='UTF-8' ?>
<timeLogEntries>
  <time id="1" path="/Proyecto/Proyecto3_IE/Manteniemiento del sistema" start="@1408251600000" delta="60" />
  <time id="2" path="/Proyecto/Proyecto3_IE/Manteniemiento del sistema" start="@1408342502000" delta="38" />
  <time id="3" path="/Proyecto/Proyecto3_IE/Manteniemiento del sistema" start="@1408601723000" delta="67" />
  <time id="4" path="/Proyecto/Proyecto3_IE/Manteniemiento del sistema" start="@1408688150000" delta="35" />
  <time id="5" path="/Proyecto/Proyecto3_IE/Manteniemiento del sistema" start="@1408770000000" delta="75" />
  <time id="6" path="/Proyecto/Proyecto3_IE/Manteniemiento del sistema" start="@1408856400000" delta="222" />
  <time id="7" path="/Proyecto/Proyecto3_IE/Manteniemiento del sistema" start="@1408942800000" delta="110" />
  <time id="8" path="/Proyecto/Proyecto3_IE/Manteniemiento del sistema" start="@1409029200000" delta="28" />
  <time id="9" path="/Proyecto/Proyecto3_IE/Manteniemiento del sistema" start="@1409206766000" delta="89" />
  <time id="10" path="/Proyecto/Proyecto3_IE/Encuestas/Integracion/Planning" start="@1407047029000" delta="84" />
  <time id="11" path="/Proyecto/Proyecto3_IE/Encuestas/Integracion/Planning" start="@1407133469000" delta="120" />
  <time id="12" path="/Proyecto/Proyecto3_IE/Encuestas/Integracion/Design" start="@1407133518000" delta="90" />
  <time id="13" path="/Proyecto/Proyecto3_IE/Encuestas/Integracion/Design Review" start="@1407219966000" delta="120" />
  <time id="14" path="/Proyecto/Proyecto3_IE/Encuestas/Integracion/Code" start="@1407392810000" delta="60" />
  <time id="15" path="/Proyecto/Proyecto3_IE/Encuestas/Integracion/Test" start="@1407392834000" delta="20" />
  <time id="16" path="/Proyecto/Proyecto3_IE/Encuestas/Integracion/Postmortem" start="@1407652064000" delta="15" />
  <time id="17" path="/Proyecto/Proyecto3_IE/Encuestas/Integracion/Code Review" start="@1407824903000" delta="60" />
  <time id="18" path="/Proyecto/Proyecto3_IE/Encuestas/Integracion/Planning" start="@1407824925000" delta="60" />
  <time id="19" path="/Proyecto/Proyecto3_IE/Encuestas/Integracion/Design" start="@1408084143000" delta="90" />
  <time id="20" path="/Proyecto/Proyecto3_IE/Encuestas/P5: Integración de sistemas de información para activar proceso de envío de encuestas/OSB Back/Postmortem" start="@1409437178996" delta="22" />
  <time id="21" path="/Proyecto/Proyecto3_IE/Encuestas/P5: Integración de sistemas de información para activar proceso de envío de encuestas/OSB Back/Planning" start="@1408230486000" delta="56" />
  <time id="22" path="/Proyecto/Proyecto3_IE/Encuestas/P5: Integración de sistemas de información para activar proceso de envío de encuestas/OSB Back/Design" start="@1408230528000" delta="31" />
  <time id="23" path="/Proyecto/Proyecto3_IE/Encuestas/P5: Integración de sistemas de información para activar proceso de envío de encuestas/OSB Back/Design Review" start="@1408230560000" delta="49" />
  <time id="24" path="/Proyecto/Proyecto3_IE/Encuestas/P5: Integración de sistemas de información para activar proceso de envío de encuestas/OSB Back/Design Review" start="@1408317004000" delta="13" />
  <time id="25" path="/Proyecto/Proyecto3_IE/Encuestas/P5: Integración de sistemas de información para activar proceso de envío de encuestas/OSB Back/Design Review" start="@1408403433000" delta="124" />
  <time id="26" path="/Proyecto/Proyecto3_IE/Encuestas/P5: Integración de sistemas de información para activar proceso de envío de encuestas/OSB Back/Code" start="@1408230646000" delta="44" />
  <time id="27" path="/Proyecto/Proyecto3_IE/Encuestas/P5: Integración de sistemas de información para activar proceso de envío de encuestas/OSB Back/Code" start="@1408317068000" delta="78" />
  <time id="28" path="/Proyecto/Proyecto3_IE/Encuestas/P5: Integración de sistemas de información para activar proceso de envío de encuestas/OSB Back/Code Review" start="@1408317105000" delta="59" />
  <time id="29" path="/Proyecto/Proyecto3_IE/Encuestas/P5: Integración de sistemas de información para activar proceso de envío de encuestas/OSB Back/Test" start="@1408489937000" delta="12" />
  <time id="30" path="/Proyecto/Proyecto3_IE/Encuestas/P5: Integración de sistemas de información para activar proceso de envío de encuestas/Aplicaciones/Planning" start="@1408403577000" delta="91" />
  <time id="31" path="/Proyecto/Proyecto3_IE/Encuestas/P5: Integración de sistemas de información para activar proceso de envío de encuestas/Aplicaciones/Design" start="@1408403753000" delta="32" />
  <time id="32" path="/Proyecto/Proyecto3_IE/Encuestas/P5: Integración de sistemas de información para activar proceso de envío de encuestas/Aplicaciones/Design Review" start="@1408403780000" delta="64" />
  <time id="33" path="/Proyecto/Proyecto3_IE/Encuestas/P5: Integración de sistemas de información para activar proceso de envío de encuestas/Aplicaciones/Code" start="@1408403806000" delta="20" />
  <time id="34" path="/Proyecto/Proyecto3_IE/Encuestas/P5: Integración de sistemas de información para activar proceso de envío de encuestas/Aplicaciones/Code" start="@1408490222000" delta="16" />
  <time id="35" path="/Proyecto/Proyecto3_IE/Encuestas/P5: Integración de sistemas de información para activar proceso de envío de encuestas/Aplicaciones/Code Review" start="@1408403844000" delta="9" />
  <time id="36" path="/Proyecto/Proyecto3_IE/Encuestas/P5: Integración de sistemas de información para activar proceso de envío de encuestas/Aplicaciones/Code Review" start="@1408490277000" delta="12" />
  <time id="37" path="/Proyecto/Proyecto3_IE/Encuestas/P5: Integración de sistemas de información para activar proceso de envío de encuestas/Aplicaciones/Test" start="@1408403944000" delta="38" />
  <time id="38" path="/Proyecto/Proyecto3_IE/Manteniemiento del sistema" start="@1409263853000" delta="50" />
  <time id="39" path="/Proyecto/Proyecto3_IE/Encuestas/P5: Integración de sistemas de información para activar proceso de envío de encuestas/Aplicaciones/Postmortem" start="@1409447872313" delta="31" />
  <time id="40" path="/Proyecto/Proyecto3_IE/Encuestas/P5: Integración de sistemas de información para activar proceso de envío de encuestas/Aplicaciones/Postmortem" start="@1409452163370" delta="18" />
  <time id="41" path="/Proyecto/Proyecto3_IE/Encuestas/P5: Integración de sistemas de información para activar proceso de envío de encuestas/Aplicaciones/Postmortem" start="@1409453754091" delta="26" />
  <time id="42" path="/Proyecto/Proyecto3_IE/Encuestas/P5: Integración de sistemas de información para activar proceso de envío de encuestas/Aplicaciones/Postmortem" start="@1409455950739" delta="38" />
  <time id="43" path="/Proyecto/Proyecto3_IE/Encuestas/Integracion/Postmortem" start="@1409458260769" delta="20" />
  <time id="44" path="/Proyecto/Proyecto3_IE/Encuestas/Integracion/Postmortem" start="@1409460891687" delta="10" />
  <time id="45" path="/Proyecto/Proyecto3_IE/Encuestas/Integracion/Postmortem" start="@1409461830243" delta="99" />
  <time id="46" path="/Proyecto/Proyecto3_IE/Encuestas/Integracion/Postmortem" start="@1409479229000" delta="480" />
  <time id="47" path="/Proyecto/Proyecto3_IE/Conocimiento de Cliente/Lanzamiento/Asignar roles y tareas" start="@1409803537000" delta="30" />
  <time id="48" path="/Proyecto/Proyecto3_IE/Conocimiento de Cliente/Lanzamiento/Asignar roles y tareas" start="@1409807092000" delta="20" />
  <time id="49" path="/Proyecto/Proyecto3_IE/Conocimiento de Cliente/Lanzamiento/Asignar roles y tareas" start="@1409889046000" delta="50" />
  <time id="50" path="/Proyecto/Proyecto3_IE/Conocimiento de Cliente/Lanzamiento/Asignar roles y tareas" start="@1410228048000" delta="50" />
  <time id="51" path="/Proyecto/Proyecto3_IE/Manteniemiento del sistema" start="@1410410688137" delta="21" />
  <time id="52" path="/Proyecto/Proyecto3_IE/Conocimiento de Cliente/P6: Crear servicio de consulta de transacciones en AP_BCS/Planning" start="@1410373854000" delta="30" />
  <time id="53" path="/Proyecto/Proyecto3_IE/Conocimiento de Cliente/Integracion de estrategia/Planning" start="@1411523988000" delta="60" />
  <time id="54" path="/Proyecto/Proyecto3_IE/Conocimiento de Cliente/Lanzamiento/Asignar roles y tareas" start="@1411524132000" delta="30" />
  <time id="55" path="/Proyecto/Proyecto3_IE/Conocimiento de Cliente/Integracion de estrategia/Planning" start="@1411610639977" delta="137" />
  <time id="56" path="/Proyecto/Proyecto3_IE/Conocimiento de Cliente/P6: Crear servicio de consulta de transacciones en AP_BCS/OSB Back/Planning" start="@1411695875471" delta="26" />
  <time id="57" path="/Proyecto/Proyecto3_IE/Conocimiento de Cliente/P6: Crear servicio de consulta de transacciones en AP_BCS/OSB Back/Planning" start="@1411698869012" delta="10" />
  <time id="58" path="/Proyecto/Proyecto3_IE/Conocimiento de Cliente/P6: Crear servicio de consulta de transacciones en AP_BCS/Planning" start="@1411783030762" delta="9" />
  <time id="59" path="/Proyecto/Proyecto3_IE/Conocimiento de Cliente/P6: Crear servicio de consulta de transacciones en AP_BCS/Planning" start="@1411786041253" delta="61" />
  <time id="60" path="/Proyecto/Proyecto3_IE/Conocimiento de Cliente/P6: Crear servicio de consulta de transacciones en AP_BCS/OSB Back/Planning" start="@1411790970152" delta="18" />
  <time id="61" path="/Proyecto/Proyecto3_IE/Conocimiento de Cliente/P6: Crear servicio de consulta de transacciones en AP_BCS/OSB Back/Planning" start="@1411792872940" delta="10" />
  <time id="62" path="/Proyecto/Proyecto3_IE/Conocimiento de Cliente/P6: Crear servicio de consulta de transacciones en AP_BCS/OSB Back/Planning" start="@1411793976128" delta="4" />
  <time id="63" path="/Proyecto/Proyecto3_IE/Conocimiento de Cliente/P6: Crear servicio de consulta de transacciones en AP_BCS/OSB Back/Planning" start="@1411837167979" delta="44" />
  <time id="64" path="/Proyecto/Proyecto3_IE/Conocimiento de Cliente/P6: Crear servicio de consulta de transacciones en AP_BCS/OSB Back/Planning" start="@1411846969630" delta="16" />
  <time id="65" path="/Proyecto/Proyecto3_IE/Conocimiento de Cliente/Tarea de Rol/Seguimiento(2)" start="@1411922796900" delta="30" />
  <time id="66" path="/Proyecto/Proyecto3_IE/Conocimiento de Cliente/P6: Crear servicio de consulta de transacciones en AP_BCS/OSB Back/Design" start="@1411948106720" delta="4" />
  <time id="67" path="/Proyecto/Proyecto3_IE/Conocimiento de Cliente/P6: Crear servicio de consulta de transacciones en AP_BCS/OSB Back/Design" start="@1411949060398" delta="32" />
  <time id="68" path="/Proyecto/Proyecto3_IE/Conocimiento de Cliente/P6: Crear servicio de consulta de transacciones en AP_BCS/OSB Back/Design Review" start="@1411951004923" delta="22" />
  <time id="69" path="/Proyecto/Proyecto3_IE/Conocimiento de Cliente/P6: Crear servicio de consulta de transacciones en AP_BCS/OSB Back/Code" start="@1411952339200" delta="2" />
  <time id="70" path="/Proyecto/Proyecto3_IE/Conocimiento de Cliente/P6: Crear servicio de consulta de transacciones en AP_BCS/OSB Back/Code" start="@1411954613667" delta="57" />
  <time id="71" path="/Proyecto/Proyecto3_IE/Conocimiento de Cliente/P6: Crear servicio de consulta de transacciones en AP_BCS/OSB Back/Design Review" start="@1412044277925" delta="36" />
  <time id="72" path="/Proyecto/Proyecto3_IE/Conocimiento de Cliente/P6: Crear servicio de consulta de transacciones en AP_BCS/OSB Back/Design Review" start="@1412049133235" delta="6" />
  <time id="73" path="/Proyecto/Proyecto3_IE/Conocimiento de Cliente/P6: Crear servicio de consulta de transacciones en AP_BCS/OSB Back/Code" start="@1412049514870" delta="66" interrupt="3" />
  <time id="74" path="/Proyecto/Proyecto3_IE/Manteniemiento del sistema" start="@1412083831000" delta="60" />
  <time id="75" path="/Proyecto/Proyecto3_IE/Conocimiento de Cliente/Tarea de Rol/Seguimiento(3)" start="@1412137392096" delta="52" />
  <time id="76" path="/Proyecto/Proyecto3_IE/Conocimiento de Cliente/P7: Crear campañas enfocadas a clientes con baja actividad./OSB Back/Code" start="@1412140563755" delta="69" />
  <time id="77" path="/Proyecto/Proyecto3_IE/Conocimiento de Cliente/P7: Crear campañas enfocadas a clientes con baja actividad./OSB Back/Code Review" start="@1412144683702" delta="36" />
  <time id="78" path="/Proyecto/Proyecto3_IE/Conocimiento de Cliente/P8: Integrar el subproceso de confirmar transacción/OSB Back/Planning" start="@1412171586000" delta="10" />
  <time id="79" path="/Proyecto/Proyecto3_IE/Conocimiento de Cliente/P8: Integrar el subproceso de confirmar transacción/OSB Back/Design" start="@1412175209000" delta="5" />
  <time id="80" path="/Proyecto/Proyecto3_IE/Conocimiento de Cliente/P8: Integrar el subproceso de confirmar transacción/OSB Back/Design Review" start="@1412175246000" delta="1" />
  <time id="81" path="/Proyecto/Proyecto3_IE/Conocimiento de Cliente/P8: Integrar el subproceso de confirmar transacción/OSB Back/Code" start="@1412178868000" delta="25" />
  <time id="82" path="/Proyecto/Proyecto3_IE/Conocimiento de Cliente/P8: Integrar el subproceso de confirmar transacción/OSB Back/Code Review" start="@1412182494000" delta="15" />
  <time id="83" path="/Proyecto/Proyecto3_IE/Conocimiento de Cliente/P8: Integrar el subproceso de confirmar transacción/OSB Back/Test" start="@1412182517000" delta="5" />
  <time id="84" path="/Proyecto/Proyecto3_IE/Conocimiento de Cliente/P8: Integrar el subproceso de confirmar transacción/OSB Back/Planning" start="@1412457053000" delta="25" />
  <time id="85" path="/Proyecto/Proyecto3_IE/Conocimiento de Cliente/Integracion de estrategia/Planning" start="@1412464946963" delta="4" />
  <time id="86" path="/Proyecto/Proyecto3_IE/Conocimiento de Cliente/Integracion de estrategia/Design" start="@1412465190044" delta="1" />
  <time id="87" path="/Proyecto/Proyecto3_IE/Conocimiento de Cliente/P6: Crear servicio de consulta de transacciones en AP_BCS/OSB Back/Code" start="@1412465316714" delta="17" />
  <time id="88" path="/Proyecto/Proyecto3_IE/Conocimiento de Cliente/P6: Crear servicio de consulta de transacciones en AP_BCS/OSB Back/Code Review" start="@1412466323697" delta="14" />
  <time id="89" path="/Proyecto/Proyecto3_IE/Conocimiento de Cliente/P6: Crear servicio de consulta de transacciones en AP_BCS/OSB Back/Test" start="@1412467184702" delta="2" />
  <time id="90" path="/Proyecto/Proyecto3_IE/Conocimiento de Cliente/P6: Crear servicio de consulta de transacciones en AP_BCS/OSB Back/Test" start="@1412468463983" delta="5" />
  <time id="91" path="/Proyecto/Proyecto3_IE/Conocimiento de Cliente/P6: Crear servicio de consulta de transacciones en AP_BCS/OSB Back/Test" start="@1412484923695" delta="60" />
  <time id="92" path="/Proyecto/Proyecto3_IE/Manteniemiento del sistema" start="@1412653721455" delta="34" />
  <time id="93" path="/Proyecto/Proyecto3_IE/Conocimiento de Cliente/P7: Crear campañas enfocadas a clientes con baja actividad./OSB Back/Test" start="@1412657534640" delta="37" />
</timeLogEntries>
