<?xml version='1.0' encoding='UTF-8' ?>
<timeLogEntries>
  <time id="1" path="/Proyecto/Proyecto3_IE/Manteniemiento del sistema" start="@1408251600000" delta="60" />
  <time id="2" path="/Proyecto/Proyecto3_IE/Manteniemiento del sistema" start="@1408342502000" delta="38" />
  <time id="3" path="/Proyecto/Proyecto3_IE/Manteniemiento del sistema" start="@1408601723000" delta="67" />
  <time id="4" path="/Proyecto/Proyecto3_IE/Manteniemiento del sistema" start="@1408688150000" delta="35" />
  <time id="5" path="/Proyecto/Proyecto3_IE/Manteniemiento del sistema" start="@1408770000000" delta="75" />
  <time id="6" path="/Proyecto/Proyecto3_IE/Manteniemiento del sistema" start="@1408856400000" delta="222" />
  <time id="7" path="/Proyecto/Proyecto3_IE/Manteniemiento del sistema" start="@1408942800000" delta="110" />
  <time id="8" path="/Proyecto/Proyecto3_IE/Manteniemiento del sistema" start="@1409029200000" delta="28" />
  <time id="9" path="/Proyecto/Proyecto3_IE/Manteniemiento del sistema" start="@1409206766000" delta="89" />
  <time id="10" path="/Proyecto/Proyecto3_IE/Encuestas/Integracion/Planning" start="@1407047029000" delta="84" />
  <time id="11" path="/Proyecto/Proyecto3_IE/Encuestas/Integracion/Planning" start="@1407133469000" delta="120" />
  <time id="12" path="/Proyecto/Proyecto3_IE/Encuestas/Integracion/Design" start="@1407133518000" delta="90" />
  <time id="13" path="/Proyecto/Proyecto3_IE/Encuestas/Integracion/Design Review" start="@1407219966000" delta="120" />
  <time id="14" path="/Proyecto/Proyecto3_IE/Encuestas/Integracion/Code" start="@1407392810000" delta="60" />
  <time id="15" path="/Proyecto/Proyecto3_IE/Encuestas/Integracion/Test" start="@1407392834000" delta="20" />
  <time id="16" path="/Proyecto/Proyecto3_IE/Encuestas/Integracion/Postmortem" start="@1407652064000" delta="15" />
  <time id="17" path="/Proyecto/Proyecto3_IE/Encuestas/Integracion/Code Review" start="@1407824903000" delta="60" />
  <time id="18" path="/Proyecto/Proyecto3_IE/Encuestas/Integracion/Planning" start="@1407824925000" delta="60" />
  <time id="19" path="/Proyecto/Proyecto3_IE/Encuestas/Integracion/Design" start="@1408084143000" delta="90" />
  <time id="20" path="/Proyecto/Proyecto3_IE/Encuestas/P5: Integración de sistemas de información para activar proceso de envío de encuestas/OSB Back/Postmortem" start="@1409437178996" delta="22" />
  <time id="21" path="/Proyecto/Proyecto3_IE/Encuestas/P5: Integración de sistemas de información para activar proceso de envío de encuestas/OSB Back/Planning" start="@1408230486000" delta="56" />
  <time id="22" path="/Proyecto/Proyecto3_IE/Encuestas/P5: Integración de sistemas de información para activar proceso de envío de encuestas/OSB Back/Design" start="@1408230528000" delta="31" />
  <time id="23" path="/Proyecto/Proyecto3_IE/Encuestas/P5: Integración de sistemas de información para activar proceso de envío de encuestas/OSB Back/Design Review" start="@1408230560000" delta="49" />
  <time id="24" path="/Proyecto/Proyecto3_IE/Encuestas/P5: Integración de sistemas de información para activar proceso de envío de encuestas/OSB Back/Design Review" start="@1408317004000" delta="13" />
  <time id="25" path="/Proyecto/Proyecto3_IE/Encuestas/P5: Integración de sistemas de información para activar proceso de envío de encuestas/OSB Back/Design Review" start="@1408403433000" delta="124" />
  <time id="26" path="/Proyecto/Proyecto3_IE/Encuestas/P5: Integración de sistemas de información para activar proceso de envío de encuestas/OSB Back/Code" start="@1408230646000" delta="44" />
  <time id="27" path="/Proyecto/Proyecto3_IE/Encuestas/P5: Integración de sistemas de información para activar proceso de envío de encuestas/OSB Back/Code" start="@1408317068000" delta="78" />
  <time id="28" path="/Proyecto/Proyecto3_IE/Encuestas/P5: Integración de sistemas de información para activar proceso de envío de encuestas/OSB Back/Code Review" start="@1408317105000" delta="59" />
  <time id="29" path="/Proyecto/Proyecto3_IE/Encuestas/P5: Integración de sistemas de información para activar proceso de envío de encuestas/OSB Back/Test" start="@1408489937000" delta="12" />
  <time id="30" path="/Proyecto/Proyecto3_IE/Encuestas/P5: Integración de sistemas de información para activar proceso de envío de encuestas/Aplicaciones/Planning" start="@1408403577000" delta="91" />
  <time id="31" path="/Proyecto/Proyecto3_IE/Encuestas/P5: Integración de sistemas de información para activar proceso de envío de encuestas/Aplicaciones/Design" start="@1408403753000" delta="32" />
  <time id="32" path="/Proyecto/Proyecto3_IE/Encuestas/P5: Integración de sistemas de información para activar proceso de envío de encuestas/Aplicaciones/Design Review" start="@1408403780000" delta="64" />
  <time id="33" path="/Proyecto/Proyecto3_IE/Encuestas/P5: Integración de sistemas de información para activar proceso de envío de encuestas/Aplicaciones/Code" start="@1408403806000" delta="20" />
  <time id="34" path="/Proyecto/Proyecto3_IE/Encuestas/P5: Integración de sistemas de información para activar proceso de envío de encuestas/Aplicaciones/Code" start="@1408490222000" delta="16" />
  <time id="35" path="/Proyecto/Proyecto3_IE/Encuestas/P5: Integración de sistemas de información para activar proceso de envío de encuestas/Aplicaciones/Code Review" start="@1408403844000" delta="9" />
  <time id="36" path="/Proyecto/Proyecto3_IE/Encuestas/P5: Integración de sistemas de información para activar proceso de envío de encuestas/Aplicaciones/Code Review" start="@1408490277000" delta="12" />
  <time id="37" path="/Proyecto/Proyecto3_IE/Encuestas/P5: Integración de sistemas de información para activar proceso de envío de encuestas/Aplicaciones/Test" start="@1408403944000" delta="38" />
  <time id="38" path="/Proyecto/Proyecto3_IE/Manteniemiento del sistema" start="@1409263853000" delta="50" />
  <time id="39" path="/Proyecto/Proyecto3_IE/Encuestas/P5: Integración de sistemas de información para activar proceso de envío de encuestas/Aplicaciones/Postmortem" start="@1409447872313" delta="31" />
  <time id="40" path="/Proyecto/Proyecto3_IE/Encuestas/P5: Integración de sistemas de información para activar proceso de envío de encuestas/Aplicaciones/Postmortem" start="@1409452163370" delta="18" />
  <time id="41" path="/Proyecto/Proyecto3_IE/Encuestas/P5: Integración de sistemas de información para activar proceso de envío de encuestas/Aplicaciones/Postmortem" start="@1409453754091" delta="26" />
  <time id="42" path="/Proyecto/Proyecto3_IE/Encuestas/P5: Integración de sistemas de información para activar proceso de envío de encuestas/Aplicaciones/Postmortem" start="@1409455950739" delta="38" />
  <time id="43" path="/Proyecto/Proyecto3_IE/Encuestas/Integracion/Postmortem" start="@1409458260769" delta="20" />
  <time id="44" path="/Proyecto/Proyecto3_IE/Encuestas/Integracion/Postmortem" start="@1409460891687" delta="10" />
  <time id="45" path="/Proyecto/Proyecto3_IE/Encuestas/Integracion/Postmortem" start="@1409461830243" delta="99" />
  <time id="46" path="/Proyecto/Proyecto3_IE/Encuestas/Integracion/Postmortem" start="@1409479229000" delta="480" />
  <time id="47" path="/Proyecto/Proyecto3_IE/Conocimiento de Cliente/Lanzamiento/Asignar roles y tareas" start="@1409803537000" delta="30" />
</timeLogEntries>
