<?xml version='1.0' encoding='UTF-8' ?>
<timeLogEntries>
  <time path='/Proyecto/Proyecto3_IE/Reputacion/P11: Modificación de información de las  cuentas del cliente para que soporten el campo de "Reputación" (CRM)/Portal/Bean Session&#10;/Proyecto/Proyecto3_IE/Ciclo3/Reputacion/P11: Modificación de información de las  cuentas del cliente para que soporten el campo de "Reputación" (CRM)/Portal/Bean Session' flag="R" />
  <time path='/Proyecto/Proyecto3_IE/Reputacion/P11: Modificación de información de las  cuentas del cliente para que soporten el campo de "Reputación" (CRM)/Portal&#10;/Proyecto/Proyecto3_IE/Ciclo3/Reputacion/P11: Modificación de información de las  cuentas del cliente para que soporten el campo de "Reputación" (CRM)/Portal' flag="R" />
  <time path='/Proyecto/Proyecto3_IE/Reputacion/P11: Modificación de información de las  cuentas del cliente para que soporten el campo de "Reputación" (CRM)/OSB Front&#10;/Proyecto/Proyecto3_IE/Ciclo3/Reputacion/P11: Modificación de información de las  cuentas del cliente para que soporten el campo de "Reputación" (CRM)/OSB Front' flag="R" />
  <time path='/Proyecto/Proyecto3_IE/Reputacion/P11: Modificación de información de las  cuentas del cliente para que soporten el campo de "Reputación" (CRM)/BAM- KPI&#10;/Proyecto/Proyecto3_IE/Ciclo3/Reputacion/P11: Modificación de información de las  cuentas del cliente para que soporten el campo de "Reputación" (CRM)/BAM- KPI' flag="R" />
  <time path='/Proyecto/Proyecto3_IE/Reputacion/P11: Modificación de información de las  cuentas del cliente para que soporten el campo de "Reputación" (CRM)/OSB Back&#10;/Proyecto/Proyecto3_IE/Ciclo3/Reputacion/P11: Modificación de información de las  cuentas del cliente para que soporten el campo de "Reputación" (CRM)/OSB Back' flag="R" />
  <time path='/Proyecto/Proyecto3_IE/Reputacion/P11: Modificación de información de las  cuentas del cliente para que soporten el campo de "Reputación" (CRM)&#10;/Proyecto/Proyecto3_IE/Ciclo3/Reputacion/P11: Modificación de información de las  cuentas del cliente para que soporten el campo de "Reputación" (CRM)' flag="R" />
  <time path="/Proyecto/Proyecto3_IE/Reputacion&#10;/Proyecto/Proyecto3_IE/Ciclo3/Reputacion" flag="R" />
  <time path='/Proyecto/Proyecto3_IE/Ciclo3/Reputacion/P11: Modificación de información de las  cuentas del cliente para que soporten el campo de "Reputación" (CRM)/Portal/Bean Session&#10;/Proyecto/Proyecto3_IE/Ciclo3/Reputacion/Portal/Bean Session' flag="R" />
  <time path='/Proyecto/Proyecto3_IE/Ciclo3/Reputacion/P11: Modificación de información de las  cuentas del cliente para que soporten el campo de "Reputación" (CRM)/Portal&#10;/Proyecto/Proyecto3_IE/Ciclo3/Reputacion/Portal' flag="R" />
  <time path='/Proyecto/Proyecto3_IE/Ciclo3/Reputacion/P11: Modificación de información de las  cuentas del cliente para que soporten el campo de "Reputación" (CRM)/OSB Front&#10;/Proyecto/Proyecto3_IE/Ciclo3/Reputacion/OSB Front' flag="R" />
  <time path='/Proyecto/Proyecto3_IE/Ciclo3/Reputacion/P11: Modificación de información de las  cuentas del cliente para que soporten el campo de "Reputación" (CRM)/OSB Back&#10;/Proyecto/Proyecto3_IE/Ciclo3/Reputacion/OSB Back' flag="R" />
  <time path="/Proyecto/Proyecto3_IE/Promociones fabricantes/P9: Actualización del Portal del MarketPlace de los Alpes/Portal/JSPX&#10;/Proyecto/Proyecto3_IE/Ciclo3/Promociones fabricantes/P9: Actualización del Portal del MarketPlace de los Alpes/Portal/JSPX" flag="R" />
  <time path="/Proyecto/Proyecto3_IE/Promociones fabricantes/P9: Actualización del Portal del MarketPlace de los Alpes/Portal&#10;/Proyecto/Proyecto3_IE/Ciclo3/Promociones fabricantes/P9: Actualización del Portal del MarketPlace de los Alpes/Portal" flag="R" />
  <time path="/Proyecto/Proyecto3_IE/Promociones fabricantes/P9: Actualización del Portal del MarketPlace de los Alpes/OSB Front&#10;/Proyecto/Proyecto3_IE/Ciclo3/Promociones fabricantes/P9: Actualización del Portal del MarketPlace de los Alpes/OSB Front" flag="R" />
  <time path="/Proyecto/Proyecto3_IE/Promociones fabricantes/P9: Actualización del Portal del MarketPlace de los Alpes/OSB Back&#10;/Proyecto/Proyecto3_IE/Ciclo3/Promociones fabricantes/P9: Actualización del Portal del MarketPlace de los Alpes/OSB Back" flag="R" />
  <time path="/Proyecto/Proyecto3_IE/Promociones fabricantes/P9: Actualización del Portal del MarketPlace de los Alpes&#10;/Proyecto/Proyecto3_IE/Ciclo3/Promociones fabricantes/P9: Actualización del Portal del MarketPlace de los Alpes" flag="R" />
  <time path="/Proyecto/Proyecto3_IE/Promociones fabricantes/P10: Permitir Promocionar de manera automática a fabricantes/BAM-Entidad&#10;/Proyecto/Proyecto3_IE/Ciclo3/Promociones fabricantes/P10: Permitir Promocionar de manera automática a fabricantes/BAM-Entidad" flag="R" />
  <time path="/Proyecto/Proyecto3_IE/Promociones fabricantes/P10: Permitir Promocionar de manera automática a fabricantes&#10;/Proyecto/Proyecto3_IE/Ciclo3/Promociones fabricantes/P10: Permitir Promocionar de manera automática a fabricantes" flag="R" />
  <time path="/Proyecto/Proyecto3_IE/Promociones fabricantes&#10;/Proyecto/Proyecto3_IE/Ciclo3/Promociones fabricantes" flag="R" />
  <time path="/Proyecto/Proyecto3_IE/Ciclo3/Promociones fabricantes/P9: Actualización del Portal del MarketPlace de los Alpes/Portal/JSPX&#10;/Proyecto/Proyecto3_IE/Ciclo3/Promociones fabricantes/Portal/JSPX" flag="R" />
  <time path="/Proyecto/Proyecto3_IE/Ciclo3/Promociones fabricantes/P9: Actualización del Portal del MarketPlace de los Alpes/Portal&#10;/Proyecto/Proyecto3_IE/Ciclo3/Promociones fabricantes/Portal" flag="R" />
  <time path="/Proyecto/Proyecto3_IE/Ciclo3/Promociones fabricantes/P9: Actualización del Portal del MarketPlace de los Alpes/OSB Front&#10;/Proyecto/Proyecto3_IE/Ciclo3/Promociones fabricantes/OSB Front" flag="R" />
  <time path="/Proyecto/Proyecto3_IE/Ciclo3/Promociones fabricantes/P9: Actualización del Portal del MarketPlace de los Alpes/OSB Back&#10;/Proyecto/Proyecto3_IE/Ciclo3/Promociones fabricantes/OSB Back" flag="R" />
  <time path="/Proyecto/Proyecto3_IE/EntregaFinal/Postmortem&#10;/Proyecto/Proyecto3_IE/Ciclo3/IntegracionFinal/Postmortem" flag="R" />
  <time path="/Proyecto/Proyecto3_IE/EntregaFinal&#10;/Proyecto/Proyecto3_IE/Ciclo3/IntegracionFinal" flag="R" />
  <time path="/Proyecto/Proyecto3_IE/Ciclo3/IntegracionFinal/Postmortem&#10;/Proyecto/Proyecto3_IE/Ciclo3/IntegracionFinal/Informe" flag="R" />
  <time id="115" flag="D" />
  <time id="116" path="/Proyecto/Proyecto3_IE/Ciclo3/Lanzamiento/Metas del producto" start="@1413433800000" delta="50" flag="A" />
  <time id="117" path="/Proyecto/Proyecto3_IE/Ciclo3/Lanzamiento/PDT" start="@1413438991246" delta="50" flag="A" />
</timeLogEntries>
