<?xml version='1.0' encoding='UTF-8' ?>
<timeLogEntries>
  <time id="184" flag="D" />
  <time id="185" flag="D" />
  <time id="186" path="/Proyecto/Proyecto3GM/Ciclo3/Reputacion/IntegracionFinal/Informe" start="@1416715218000" delta="75" comment="Nuevo modelo canonico" flag="A" />
  <time id="181" start="@1414939330000" flag="M" />
  <time id="182" start="@1415544139000" flag="M" />
  <time id="187" path="/Proyecto/Proyecto3GM/Ciclo3/Reputacion/IntegracionFinal/Pruebas SAT/Planning" start="@1416690888135" delta="1" flag="A" />
  <time id="188" path="/Proyecto/Proyecto3GM/Ciclo3/Reputacion/IntegracionFinal/Pruebas SAT/Planning" start="@1416690972679" delta="367" interrupt="78" flag="A" />
  <time id="189" path="/Proyecto/Proyecto3GM/Ciclo3/Reputacion/IntegracionFinal/Pruebas SAT/Planning" start="@1416754588071" delta="59" flag="A" />
</timeLogEntries>
