<?xml version='1.0' encoding='UTF-8' ?>
<timeLogEntries>
  <time path='/Proyecto/Proyecto3GM/Reputacion/P11: Modificación de información de las  cuentas del cliente para que soporten el campo de "Reputación" (CRM)/Portal/Portlet&#10;/Proyecto/Proyecto3GM/Ciclo3/P11: Reputacion/P11: Modificación de información de las  cuentas del cliente para que soporten el campo de "Reputación" (CRM)/Portal/Portlet' flag="R" />
  <time path='/Proyecto/Proyecto3GM/Reputacion/P11: Modificación de información de las  cuentas del cliente para que soporten el campo de "Reputación" (CRM)/Portal/Proxy&#10;/Proyecto/Proyecto3GM/Ciclo3/P11: Reputacion/P11: Modificación de información de las  cuentas del cliente para que soporten el campo de "Reputación" (CRM)/Portal/Proxy' flag="R" />
  <time path='/Proyecto/Proyecto3GM/Reputacion/P11: Modificación de información de las  cuentas del cliente para que soporten el campo de "Reputación" (CRM)/Portal/JSPX&#10;/Proyecto/Proyecto3GM/Ciclo3/P11: Reputacion/P11: Modificación de información de las  cuentas del cliente para que soporten el campo de "Reputación" (CRM)/Portal/JSPX' flag="R" />
  <time path='/Proyecto/Proyecto3GM/Reputacion/P11: Modificación de información de las  cuentas del cliente para que soporten el campo de "Reputación" (CRM)/Portal&#10;/Proyecto/Proyecto3GM/Ciclo3/P11: Reputacion/P11: Modificación de información de las  cuentas del cliente para que soporten el campo de "Reputación" (CRM)/Portal' flag="R" />
  <time path='/Proyecto/Proyecto3GM/Reputacion/P11: Modificación de información de las  cuentas del cliente para que soporten el campo de "Reputación" (CRM)/CRM&#10;/Proyecto/Proyecto3GM/Ciclo3/P11: Reputacion/P11: Modificación de información de las  cuentas del cliente para que soporten el campo de "Reputación" (CRM)/CRM' flag="R" />
  <time path='/Proyecto/Proyecto3GM/Reputacion/P11: Modificación de información de las  cuentas del cliente para que soporten el campo de "Reputación" (CRM)/Base de datos-Atributos&#10;/Proyecto/Proyecto3GM/Ciclo3/P11: Reputacion/P11: Modificación de información de las  cuentas del cliente para que soporten el campo de "Reputación" (CRM)/Base de datos-Atributos' flag="R" />
  <time path='/Proyecto/Proyecto3GM/Reputacion/P11: Modificación de información de las  cuentas del cliente para que soporten el campo de "Reputación" (CRM)&#10;/Proyecto/Proyecto3GM/Ciclo3/P11: Reputacion/P11: Modificación de información de las  cuentas del cliente para que soporten el campo de "Reputación" (CRM)' flag="R" />
  <time path="/Proyecto/Proyecto3GM/Reputacion&#10;/Proyecto/Proyecto3GM/Ciclo3/P11: Reputacion" flag="R" />
  <time path='/Proyecto/Proyecto3GM/Ciclo3/P11: Reputacion/P11: Modificación de información de las  cuentas del cliente para que soporten el campo de "Reputación" (CRM)/Portal/Portlet&#10;/Proyecto/Proyecto3GM/Ciclo3/P11: Reputacion/Portal/Portlet' flag="R" />
  <time path='/Proyecto/Proyecto3GM/Ciclo3/P11: Reputacion/P11: Modificación de información de las  cuentas del cliente para que soporten el campo de "Reputación" (CRM)/Portal/Proxy&#10;/Proyecto/Proyecto3GM/Ciclo3/P11: Reputacion/Portal/Proxy' flag="R" />
  <time path='/Proyecto/Proyecto3GM/Ciclo3/P11: Reputacion/P11: Modificación de información de las  cuentas del cliente para que soporten el campo de "Reputación" (CRM)/Portal/JSPX&#10;/Proyecto/Proyecto3GM/Ciclo3/P11: Reputacion/Portal/JSPX' flag="R" />
  <time path='/Proyecto/Proyecto3GM/Ciclo3/P11: Reputacion/P11: Modificación de información de las  cuentas del cliente para que soporten el campo de "Reputación" (CRM)/Portal&#10;/Proyecto/Proyecto3GM/Ciclo3/P11: Reputacion/Portal' flag="R" />
  <time path='/Proyecto/Proyecto3GM/Ciclo3/P11: Reputacion/P11: Modificación de información de las  cuentas del cliente para que soporten el campo de "Reputación" (CRM)/CRM&#10;/Proyecto/Proyecto3GM/Ciclo3/P11: Reputacion/CRM-SugarCallOut' flag="R" />
  <time path="/Proyecto/Proyecto3GM/Promociones fabricantes/P9: Actualización del Portal del MarketPlace de los Alpes/Portal/Portlet&#10;/Proyecto/Proyecto3GM/Ciclo3/P9: Crear Combos promocionales/P9: Actualización del Portal del MarketPlace de los Alpes/Portal/Portlet" flag="R" />
  <time path="/Proyecto/Proyecto3GM/Promociones fabricantes/P9: Actualización del Portal del MarketPlace de los Alpes/Portal/Bean Session&#10;/Proyecto/Proyecto3GM/Ciclo3/P9: Crear Combos promocionales/P9: Actualización del Portal del MarketPlace de los Alpes/Portal/Bean Session" flag="R" />
  <time path="/Proyecto/Proyecto3GM/Promociones fabricantes/P9: Actualización del Portal del MarketPlace de los Alpes/Portal/Proxy&#10;/Proyecto/Proyecto3GM/Ciclo3/P9: Crear Combos promocionales/P9: Actualización del Portal del MarketPlace de los Alpes/Portal/Proxy" flag="R" />
  <time path="/Proyecto/Proyecto3GM/Promociones fabricantes/P9: Actualización del Portal del MarketPlace de los Alpes/Portal&#10;/Proyecto/Proyecto3GM/Ciclo3/P9: Crear Combos promocionales/P9: Actualización del Portal del MarketPlace de los Alpes/Portal" flag="R" />
  <time path="/Proyecto/Proyecto3GM/Promociones fabricantes/P9: Actualización del Portal del MarketPlace de los Alpes/CRM-Realicaion&#10;/Proyecto/Proyecto3GM/Ciclo3/P9: Crear Combos promocionales/P9: Actualización del Portal del MarketPlace de los Alpes/CRM-Realicaion" flag="R" />
  <time path="/Proyecto/Proyecto3GM/Promociones fabricantes/P9: Actualización del Portal del MarketPlace de los Alpes/CRM&#10;/Proyecto/Proyecto3GM/Ciclo3/P9: Crear Combos promocionales/P9: Actualización del Portal del MarketPlace de los Alpes/CRM" flag="R" />
  <time path="/Proyecto/Proyecto3GM/Promociones fabricantes/P9: Actualización del Portal del MarketPlace de los Alpes/Base de datos-Atributos&#10;/Proyecto/Proyecto3GM/Ciclo3/P9: Crear Combos promocionales/P9: Actualización del Portal del MarketPlace de los Alpes/Base de datos-Atributos" flag="R" />
  <time path="/Proyecto/Proyecto3GM/Promociones fabricantes/P9: Actualización del Portal del MarketPlace de los Alpes&#10;/Proyecto/Proyecto3GM/Ciclo3/P9: Crear Combos promocionales/P9: Actualización del Portal del MarketPlace de los Alpes" flag="R" />
  <time path="/Proyecto/Proyecto3GM/Promociones fabricantes/P10: Permitir Promocionar de manera automática a fabricantes/Base de datos-Atributos&#10;/Proyecto/Proyecto3GM/Ciclo3/P9: Crear Combos promocionales/P10: Permitir Promocionar de manera automática a fabricantes/Base de datos-Atributos" flag="R" />
  <time path="/Proyecto/Proyecto3GM/Promociones fabricantes/P10: Permitir Promocionar de manera automática a fabricantes&#10;/Proyecto/Proyecto3GM/Ciclo3/P9: Crear Combos promocionales/P10: Permitir Promocionar de manera automática a fabricantes" flag="R" />
  <time path="/Proyecto/Proyecto3GM/Promociones fabricantes&#10;/Proyecto/Proyecto3GM/Ciclo3/P9: Crear Combos promocionales" flag="R" />
  <time path="/Proyecto/Proyecto3GM/Ciclo3/P9: Crear Combos promocionales/P9: Actualización del Portal del MarketPlace de los Alpes/Portal/Portlet&#10;/Proyecto/Proyecto3GM/Ciclo3/P9: Crear Combos promocionales/Portal/Portlet" flag="R" />
  <time path="/Proyecto/Proyecto3GM/Ciclo3/P9: Crear Combos promocionales/P9: Actualización del Portal del MarketPlace de los Alpes/Portal/Bean Session&#10;/Proyecto/Proyecto3GM/Ciclo3/P9: Crear Combos promocionales/Portal/Bean Session" flag="R" />
  <time path="/Proyecto/Proyecto3GM/Ciclo3/P9: Crear Combos promocionales/P9: Actualización del Portal del MarketPlace de los Alpes/Portal/Proxy&#10;/Proyecto/Proyecto3GM/Ciclo3/P9: Crear Combos promocionales/Portal/Proxy" flag="R" />
  <time path="/Proyecto/Proyecto3GM/Ciclo3/P9: Crear Combos promocionales/P9: Actualización del Portal del MarketPlace de los Alpes/Portal&#10;/Proyecto/Proyecto3GM/Ciclo3/P9: Crear Combos promocionales/Portal" flag="R" />
  <time path="/Proyecto/Proyecto3GM/Ciclo3/P9: Crear Combos promocionales/P9: Actualización del Portal del MarketPlace de los Alpes/CRM&#10;/Proyecto/Proyecto3GM/Ciclo3/P9: Crear Combos promocionales/CRM-SugarCallout" flag="R" />
  <time path="/Proyecto/Proyecto3GM/EntregaFinal/Postmortem&#10;/Proyecto/Proyecto3GM/Ciclo3/IntegracionFinal/Postmortem" flag="R" />
  <time path="/Proyecto/Proyecto3GM/EntregaFinal&#10;/Proyecto/Proyecto3GM/Ciclo3/IntegracionFinal" flag="R" />
  <time path="/Proyecto/Proyecto3GM/Ciclo3/IntegracionFinal/Postmortem&#10;/Proyecto/Proyecto3GM/Ciclo3/IntegracionFinal/Informe" flag="R" />
  <time id="132" path="/Proyecto/Proyecto3GM/Ciclo3/Lanzamiento/Asignar roles y tareas" start="@1413136191000" delta="60" comment="Lanzamiento" flag="A" />
</timeLogEntries>
