<?xml version="1.0" encoding="UTF-8"?><changeHistory><change uid="hyegbec0-f41z" user="Various individuals"/><change uid="hy9kf0b3-7dtm" user="Carlos Felipe Roa"/><change uid="hyeh7f6i-s9ll" user="Carlos Felipe Roa"/><change uid="hyehhmg7-4b1p" user="Carlos Felipe Roa"/><change uid="hyehziph-t6ua" user="Carlos Felipe Roa"/><change uid="hyei19o9-rhtu" user="Carlos Felipe Roa"/><change uid="hytmfl5m-cyfr" user="Various individuals"/><change uid="hytmgrad-fnyk" user="Carlos Felipe Roa"/><change uid="hytmsfgn-9l4r" user="Carlos Felipe Roa"/><change uid="hytmu9jh-rz9a" user="Carlos Felipe Roa"/><change uid="hyxltwop-d9sg" user="Carlos Felipe Roa"/><change uid="hz70ygcy-8ipm" user="Carlos Felipe Roa"/><change uid="hzj49cbu-92qm" user="Carlos Felipe Roa"/><change uid="hzj4kqka-8es" user="Carlos Felipe Roa"/><change uid="hzj5x9ne-jvtk" user="Carlos Felipe Roa"/></changeHistory>