<?xml version='1.0' encoding='UTF-8'?>
<project name='Proyecto3' id='14645789' tid='hyegb1b9:14645789' labels='none' dumpFileVersion='4.0.0' dumpTimestamp='@1409536978958'>
  <teamMember name='Carlos Felipe Roa' tmid='463994169' initials='CR' startDate='@1409443200000' startCalendarDate='2014-08-31' hoursPerWeek='6.5'/>
  <teamMember name='Ingrid Echavarria' tmid='298886272' initials='IE' startDate='@1409443200000' startCalendarDate='2014-08-31' hoursPerWeek='6.5'/>
  <teamMember name='Paula Castellanos' tmid='1760066510' initials='PC' startDate='@1409443200000' startCalendarDate='2014-08-31' hoursPerWeek='6.5'/>
  <teamMember name='David Abril' tmid='922002177' initials='DA' startDate='@1409443200000' startCalendarDate='2014-08-31' hoursPerWeek='6.5'/>
  <teamMember name='Felipe Fagua' tmid='1110217376' initials='FF' startDate='@1409443200000' startCalendarDate='2014-08-31' hoursPerWeek='6.5'/>
  <teamMember name='Gabriel Matinez' tmid='18071183' initials='GM' startDate='@1409443200000' startCalendarDate='2014-08-31' hoursPerWeek='6.5'/>
	<component name='Conocimiento de Cliente' id='14645562' tid='hyegb1b9:14645562' labels='Ciclo2'>
		<dependency name='/Proyecto3/Encuestas' tid='hyegb1b9:14645561' source='wbs'/>
		<component name='P6: Crear servicio de consulta de transacciones en AP_BCS' id='14645571' tid='hyegb1b9:14645571' labels='Ciclo2' wid='6849884'>
			<dependency name='/Proyecto3/Conocimiento de Cliente/P8: Integrar el subproceso de confirmar transacción' tid='hyegb1b9:14645573' source='wbs'/>
			<component name='Portal' id='14645698' tid='hyegb1b9:14645698' labels='Ciclo2' wid='6849906'>
				<psp name='Portlet' id='14645699' tid='hyegb1b9:14645699' labels='Ciclo2' wid='6849893' time=',DA=2,' sizeUnits='LOC' sizeBase='0' sizeDel='0' sizeMod='1' sizeAdd='0' sizeReu='0' sizeNC='1'/>
				<psp name='Bean Session' id='14645700' tid='hyegb1b9:14645700' labels='Ciclo2' wid='6849894' time=',DA=4,' sizeUnits='LOC' sizeBase='0' sizeDel='0' sizeMod='1' sizeAdd='0' sizeReu='0' sizeNC='1'/>
				<psp name='Proxy' id='14645701' tid='hyegb1b9:14645701' labels='Ciclo2' wid='6849895' time=',DA=3,' sizeUnits='LOC' sizeBase='0' sizeDel='0' sizeMod='1' sizeAdd='0' sizeReu='0' sizeNC='1'/>
				<psp name='JSPX' id='14645702' tid='hyegb1b9:14645702' labels='Ciclo2' wid='6849896' time=',DA=4,' sizeUnits='LOC' sizeBase='0' sizeDel='0' sizeMod='1' sizeAdd='0' sizeReu='0' sizeNC='1'/>
			</component>
			<psp name='OSB Front' id='14645703' tid='hyegb1b9:14645703' labels='Ciclo2' wid='6849897' time=',PC=4,' sizeUnits='LOC' sizeBase='0' sizeDel='0' sizeMod='1' sizeAdd='0' sizeReu='0' sizeNC='1'/>
			<psp name='BPEL' id='14645704' tid='hyegb1b9:14645704' labels='Ciclo2' wid='6849898' time=',CR=12.5,' sizeUnits='LOC' sizeBase='0' sizeDel='0' sizeMod='16' sizeAdd='4' sizeReu='0' sizeNC='20'/>
			<psp name='BAM-Entidad' id='14645705' tid='hyegb1b9:14645705' labels='Ciclo2' wid='6849899' time=',FF=2,' sizeUnits='LOC' sizeBase='0' sizeDel='0' sizeMod='0' sizeAdd='2' sizeReu='0' sizeNC='2'/>
			<psp name='BAM- KPI' id='14645706' tid='hyegb1b9:14645706' labels='Ciclo2' wid='6849900' time=',PC=4,' sizeUnits='LOC' sizeBase='0' sizeDel='0' sizeMod='0' sizeAdd='2' sizeReu='0' sizeNC='2'/>
			<psp name='OSB Back' id='14645708' tid='hyegb1b9:14645708' labels='Ciclo2' wid='6849902' time=',IE=20,' sizeUnits='LOC' sizeBase='0' sizeDel='0' sizeMod='4' sizeAdd='1' sizeReu='0' sizeNC='5'/>
			<psp name='Aplicaciones' id='14645709' tid='hyegb1b9:14645709' labels='Ciclo2' wid='6849903' time=',FF=12,' sizeUnits='LOC' sizeBase='0' sizeDel='0' sizeMod='0' sizeAdd='120' sizeReu='0' sizeNC='120'/>
			<psp name='Base de datos-Atributos' id='14645710' tid='hyegb1b9:14645710' labels='Ciclo2' wid='6849904' time=',GM=3,' sizeUnits='LOC' sizeBase='0' sizeDel='0' sizeMod='0' sizeAdd='2' sizeReu='0' sizeNC='2'/>
		</component>
		<component name='P7: Crear campañas enfocadas a clientes con baja actividad.' id='14645572' tid='hyegb1b9:14645572' labels='Ciclo2' wid='6849884'>
			<dependency name='/Proyecto3/Conocimiento de Cliente/P6: Crear servicio de consulta de transacciones en AP_BCS' tid='hyegb1b9:14645571' source='wbs'/>
			<component name='Portal' id='14645712' tid='hyegb1b9:14645712' labels='Ciclo2' wid='6849906'>
				<psp name='Portlet' id='14645713' tid='hyegb1b9:14645713' labels='Ciclo2' wid='6849893' time=',DA=2,' sizeUnits='LOC' sizeBase='0' sizeDel='0' sizeMod='1' sizeAdd='0' sizeReu='0' sizeNC='1'/>
				<psp name='Bean Session' id='14645714' tid='hyegb1b9:14645714' labels='Ciclo2' wid='6849894' time=',DA=2,' sizeUnits='LOC' sizeBase='0' sizeDel='0' sizeMod='1' sizeAdd='0' sizeReu='0' sizeNC='1'/>
				<psp name='Proxy' id='14645715' tid='hyegb1b9:14645715' labels='Ciclo2' wid='6849895' time=',DA=1.5,' sizeUnits='LOC' sizeBase='0' sizeDel='0' sizeMod='1' sizeAdd='0' sizeReu='0' sizeNC='1'/>
				<psp name='JSPX' id='14645716' tid='hyegb1b9:14645716' labels='Ciclo2' wid='6849896' time=',DA=3,' sizeUnits='LOC' sizeBase='0' sizeDel='0' sizeMod='1' sizeAdd='0' sizeReu='0' sizeNC='1'/>
			</component>
			<psp name='OSB Front' id='14645717' tid='hyegb1b9:14645717' labels='Ciclo2' wid='6849897' time=',PC=6,' sizeUnits='LOC' sizeBase='0' sizeDel='0' sizeMod='1' sizeAdd='0' sizeReu='0' sizeNC='1'/>
			<psp name='BPEL' id='14645718' tid='hyegb1b9:14645718' labels='Ciclo2' wid='6849898' time=',CR=8,' sizeUnits='LOC' sizeBase='0' sizeDel='0' sizeMod='0' sizeAdd='16' sizeReu='0' sizeNC='16'/>
			<psp name='CRM-Relacion' id='14645721' tid='hyegb1b9:14645721' labels='Ciclo2' wid='6849901' time=',IE=3.75,GM=3.75,' sizeUnits='LOC' sizeBase='0' sizeDel='0' sizeMod='0' sizeAdd='3' sizeReu='0' sizeNC='3'/>
			<psp name='CRM-Atributos' id='14645726' tid='hyegb1b9:14645726' labels='Ciclo2' time=',GM=10,' sizeUnits='LOC' sizeBase='0' sizeDel='0' sizeMod='60' sizeAdd='40' sizeReu='0' sizeNC='100'/>
			<psp name='OSB Back' id='14645722' tid='hyegb1b9:14645722' labels='Ciclo2' wid='6849902' time=',IE=6,' sizeUnits='LOC' sizeBase='0' sizeDel='0' sizeMod='0' sizeAdd='1' sizeReu='0' sizeNC='1'/>
			<psp name='Aplicaciones' id='14645723' tid='hyegb1b9:14645723' labels='Ciclo2' wid='6849903' time=',FF=4,GM=4,' sizeUnits='LOC' sizeBase='0' sizeDel='0' sizeMod='0' sizeAdd='120' sizeReu='0' sizeNC='120'/>
			<psp name='Base de datos-Atributos' id='14645724' tid='hyegb1b9:14645724' labels='Ciclo2' wid='6849904' time=',GM=1.5,' sizeUnits='LOC' sizeBase='0' sizeDel='0' sizeMod='0' sizeAdd='2' sizeReu='0' sizeNC='2'/>
		</component>
		<component name='P8: Integrar el subproceso de confirmar transacción' id='14645573' tid='hyegb1b9:14645573' labels='Ciclo2' wid='6849884'>
			<dependency name='/Proyecto3/Conocimiento de Cliente' tid='hyegb1b9:14645562' source='wbs'/>
			<psp name='BPEL' id='14645733' tid='hyegb1b9:14645733' labels='Ciclo2' wid='6849898' time=',CR=16,PC=16,DA=16,GM=16,' sizeUnits='LOC' sizeBase='0' sizeDel='0' sizeMod='128' sizeAdd='0' sizeReu='128' sizeNC='128'/>
			<psp name='OSB Back' id='14645737' tid='hyegb1b9:14645737' labels='Ciclo2' wid='6849902' time=',IE=6,PC=6,' sizeUnits='LOC' sizeBase='0' sizeDel='0' sizeMod='2' sizeAdd='1' sizeReu='2' sizeNC='3'/>
			<psp name='Aplicaciones' id='14645738' tid='hyegb1b9:14645738' labels='Ciclo2' wid='6849903' time=',FF=19.5,' sizeUnits='LOC' sizeBase='0' sizeDel='0' sizeMod='0' sizeAdd='200' sizeReu='0' sizeNC='200'/>
			<psp name='Base de datos-Atributos' id='14645739' tid='hyegb1b9:14645739' labels='Ciclo2' wid='6849904' time=',GM=2,' sizeUnits='LOC' sizeBase='0' sizeDel='0' sizeMod='0' sizeAdd='2' sizeReu='0' sizeNC='2'/>
		</component>
	</component>
</project>
