<wbsModel>
  <wbsNode name='Proyecto3' id='14645789' type='Project' indentLevel='0' expanded='true'>
    <attr name='createdWithVersion' value='4.0.0'/>
  </wbsNode>
    <wbsNode name='Conocimiento de Cliente' id='14645562' type='Component' indentLevel='1' expanded='true'>
      <attr name='Milestone' value='15036107'/>
      <attr name='Dependencies' value='hyegb1b9:14645561'/>
      <attr name='Dependency Name 0' value='/Proyecto3/Encuestas'/>
    </wbsNode>
      <wbsNode name='P6: Crear servicio de consulta de transacciones en AP_BCS' id='14645571' type='Component' indentLevel='2'>
        <attr name='Dependencies' value='hyegb1b9:14645573'/>
        <attr name='Dependency Name 0' value='/Proyecto3/Conocimiento de Cliente/P8: Integrar el subproceso de confirmar transacción'/>
        <attr name='workflowSourceIDs' value='6849884'/>
      </wbsNode>
        <wbsNode name='Portal' id='14645698' type='Component' indentLevel='3'>
          <attr name='workflowSourceIDs' value='6849906'/>
        </wbsNode>
          <wbsNode name='Portlet' id='14645699' type='PSP Task' indentLevel='4'>
            <attr name='Time (Top Down)' value='2.0'/>
            <attr name='DA-Time (Top Down)' value='2.0'/>
            <attr name='Task Size Units' value='Portlet'/>
            <attr name='Time Per Person' value='2.0'/>
            <attr name='workflowSourceIDs' value='6849893'/>
            <attr name='Modified-LOC (Top Down)' value='1.0'/>
            <attr name='Workflow Rate' value='1.0'/>
          </wbsNode>
          <wbsNode name='Bean Session' id='14645700' type='PSP Task' indentLevel='4'>
            <attr name='Time (Top Down)' value='4.0'/>
            <attr name='DA-Time (Top Down)' value='4.0'/>
            <attr name='Task Size Units' value='Bean'/>
            <attr name='Time Per Person' value='4.0'/>
            <attr name='workflowSourceIDs' value='6849894'/>
            <attr name='Modified-LOC (Top Down)' value='1.0'/>
            <attr name='Workflow Rate' value='1.0'/>
          </wbsNode>
          <wbsNode name='Proxy' id='14645701' type='PSP Task' indentLevel='4'>
            <attr name='Time (Top Down)' value='3.0'/>
            <attr name='DA-Time (Top Down)' value='3.0'/>
            <attr name='Task Size Units' value='Proxy'/>
            <attr name='Time Per Person' value='3.0'/>
            <attr name='workflowSourceIDs' value='6849895'/>
            <attr name='Modified-LOC (Top Down)' value='1.0'/>
            <attr name='Workflow Rate' value='1.0'/>
          </wbsNode>
          <wbsNode name='JSPX' id='14645702' type='PSP Task' indentLevel='4'>
            <attr name='Time (Top Down)' value='4.0'/>
            <attr name='DA-Time (Top Down)' value='4.0'/>
            <attr name='Task Size Units' value='JSPX'/>
            <attr name='Time Per Person' value='4.0'/>
            <attr name='workflowSourceIDs' value='6849896'/>
            <attr name='Modified-LOC (Top Down)' value='1.0'/>
            <attr name='Workflow Rate' value='1.0'/>
          </wbsNode>
        <wbsNode name='OSB Front' id='14645703' type='PSP Task' indentLevel='3'>
          <attr name='Time (Top Down)' value='4.0'/>
          <attr name='Task Size Units' value='Transf'/>
          <attr name='Time Per Person' value='4.0'/>
          <attr name='PC-Time (Top Down)' value='4.0'/>
          <attr name='IE-Time (Top Down)' value='0.0'/>
          <attr name='workflowSourceIDs' value='6849897'/>
          <attr name='Modified-LOC (Top Down)' value='1.0'/>
          <attr name='Workflow Rate' value='1.0'/>
        </wbsNode>
        <wbsNode name='BPEL' id='14645704' type='PSP Task' indentLevel='3'>
          <attr name='Time (Top Down)' value='12.5'/>
          <attr name='Added-LOC (Top Down)' value='4.0'/>
          <attr name='Task Size Units' value='Bloque'/>
          <attr name='Time Per Person' value='12.5'/>
          <attr name='workflowSourceIDs' value='6849898'/>
          <attr name='Modified-LOC (Top Down)' value='16.0'/>
          <attr name='Workflow Rate' value='1.0'/>
          <attr name='CR-Time (Top Down)' value='12.5'/>
        </wbsNode>
        <wbsNode name='BAM-Entidad' id='14645705' type='PSP Task' indentLevel='3'>
          <attr name='Time (Top Down)' value='2.0'/>
          <attr name='Added-LOC (Top Down)' value='2.0'/>
          <attr name='Task Size Units' value='entidad'/>
          <attr name='Time Per Person' value='2.0'/>
          <attr name='PC-Time (Top Down)' value='0.0'/>
          <attr name='FF-Time (Top Down)' value='2.0'/>
          <attr name='workflowSourceIDs' value='6849899'/>
          <attr name='Workflow Rate' value='1.0'/>
        </wbsNode>
        <wbsNode name='BAM- KPI' id='14645706' type='PSP Task' indentLevel='3'>
          <attr name='Time (Top Down)' value='4.0'/>
          <attr name='Added-LOC (Top Down)' value='2.0'/>
          <attr name='Task Size Units' value='KPI'/>
          <attr name='Time Per Person' value='4.0'/>
          <attr name='PC-Time (Top Down)' value='4.0'/>
          <attr name='workflowSourceIDs' value='6849900'/>
          <attr name='Workflow Rate' value='1.0'/>
        </wbsNode>
        <wbsNode name='OSB Back' id='14645708' type='PSP Task' indentLevel='3'>
          <attr name='Time (Top Down)' value='20.0'/>
          <attr name='Added-LOC (Top Down)' value='1.0'/>
          <attr name='Task Size Units' value='Transf'/>
          <attr name='Time Per Person' value='20.0'/>
          <attr name='PC-Time (Top Down)' value='0.0'/>
          <attr name='IE-Time (Top Down)' value='20.0'/>
          <attr name='workflowSourceIDs' value='6849902'/>
          <attr name='Modified-LOC (Top Down)' value='4.0'/>
          <attr name='Workflow Rate' value='1.0'/>
        </wbsNode>
        <wbsNode name='Aplicaciones' id='14645709' type='PSP Task' indentLevel='3'>
          <attr name='Time (Top Down)' value='12.0'/>
          <attr name='Added-LOC (Top Down)' value='120.0'/>
          <attr name='Time Per Person' value='12.0'/>
          <attr name='workflowSourceIDs' value='6849903'/>
          <attr name='FF-Time (Top Down)' value='12.0'/>
          <attr name='Workflow Rate' value='1.0'/>
        </wbsNode>
        <wbsNode name='Base de datos-Atributos' id='14645710' type='PSP Task' indentLevel='3'>
          <attr name='GM-Time (Top Down)' value='3.0'/>
          <attr name='Time (Top Down)' value='3.0'/>
          <attr name='Added-LOC (Top Down)' value='2.0'/>
          <attr name='Task Size Units' value='Atributos'/>
          <attr name='Time Per Person' value='3.0'/>
          <attr name='workflowSourceIDs' value='6849904'/>
          <attr name='Workflow Rate' value='1.0'/>
        </wbsNode>
      <wbsNode name='P7: Crear campañas enfocadas a clientes con baja actividad.' id='14645572' type='Component' indentLevel='2'>
        <attr name='Dependencies' value='hyegb1b9:14645571'/>
        <attr name='Dependency Name 0' value='/Proyecto3/Conocimiento de Cliente/P6: Crear servicio de consulta de transacciones en AP_BCS'/>
        <attr name='workflowSourceIDs' value='6849884'/>
      </wbsNode>
        <wbsNode name='Portal' id='14645712' type='Component' indentLevel='3'>
          <attr name='workflowSourceIDs' value='6849906'/>
        </wbsNode>
          <wbsNode name='Portlet' id='14645713' type='PSP Task' indentLevel='4'>
            <attr name='Time (Top Down)' value='2.0'/>
            <attr name='DA-Time (Top Down)' value='2.0'/>
            <attr name='Task Size Units' value='Portlet'/>
            <attr name='Time Per Person' value='2.0'/>
            <attr name='workflowSourceIDs' value='6849893'/>
            <attr name='Modified-LOC (Top Down)' value='1.0'/>
            <attr name='Workflow Rate' value='1.0'/>
          </wbsNode>
          <wbsNode name='Bean Session' id='14645714' type='PSP Task' indentLevel='4'>
            <attr name='Time (Top Down)' value='2.0'/>
            <attr name='DA-Time (Top Down)' value='2.0'/>
            <attr name='Task Size Units' value='Bean'/>
            <attr name='Time Per Person' value='2.0'/>
            <attr name='workflowSourceIDs' value='6849894'/>
            <attr name='Modified-LOC (Top Down)' value='1.0'/>
            <attr name='Workflow Rate' value='1.0'/>
          </wbsNode>
          <wbsNode name='Proxy' id='14645715' type='PSP Task' indentLevel='4'>
            <attr name='Time (Top Down)' value='1.5'/>
            <attr name='DA-Time (Top Down)' value='1.5'/>
            <attr name='Task Size Units' value='Proxy'/>
            <attr name='Time Per Person' value='1.5'/>
            <attr name='workflowSourceIDs' value='6849895'/>
            <attr name='Modified-LOC (Top Down)' value='1.0'/>
            <attr name='Workflow Rate' value='1.0'/>
          </wbsNode>
          <wbsNode name='JSPX' id='14645716' type='PSP Task' indentLevel='4'>
            <attr name='Time (Top Down)' value='3.0'/>
            <attr name='DA-Time (Top Down)' value='3.0'/>
            <attr name='Task Size Units' value='JSPX'/>
            <attr name='Time Per Person' value='3.0'/>
            <attr name='workflowSourceIDs' value='6849896'/>
            <attr name='Modified-LOC (Top Down)' value='1.0'/>
            <attr name='Workflow Rate' value='1.0'/>
          </wbsNode>
        <wbsNode name='OSB Front' id='14645717' type='PSP Task' indentLevel='3'>
          <attr name='Time (Top Down)' value='6.0'/>
          <attr name='Task Size Units' value='Transf'/>
          <attr name='Time Per Person' value='6.0'/>
          <attr name='PC-Time (Top Down)' value='6.0'/>
          <attr name='IE-Time (Top Down)' value='0.0'/>
          <attr name='workflowSourceIDs' value='6849897'/>
          <attr name='Modified-LOC (Top Down)' value='1.0'/>
          <attr name='Workflow Rate' value='1.0'/>
        </wbsNode>
        <wbsNode name='BPEL' id='14645718' type='PSP Task' indentLevel='3'>
          <attr name='Time (Top Down)' value='8.0'/>
          <attr name='Added-LOC (Top Down)' value='16.0'/>
          <attr name='Task Size Units' value='Bloque'/>
          <attr name='Time Per Person' value='8.0'/>
          <attr name='workflowSourceIDs' value='6849898'/>
          <attr name='Workflow Rate' value='1.0'/>
          <attr name='CR-Time (Top Down)' value='8.0'/>
        </wbsNode>
        <wbsNode name='CRM-Relacion' id='14645721' type='PSP Task' indentLevel='3'>
          <attr name='GM-Time (Top Down)' value='3.75'/>
          <attr name='Time (Top Down)' value='7.5'/>
          <attr name='Added-LOC (Top Down)' value='3.0'/>
          <attr name='Time Per Person' value='3.75'/>
          <attr name='PC-Time (Top Down)' value='0.0'/>
          <attr name='IE-Time (Top Down)' value='3.75'/>
          <attr name='workflowSourceIDs' value='6849901'/>
          <attr name='Workflow Rate' value='1.0'/>
        </wbsNode>
        <wbsNode name='CRM-Atributos' id='14645726' type='PSP Task' indentLevel='3'>
          <attr name='GM-Time (Top Down)' value='10.0'/>
          <attr name='Time (Top Down)' value='10.0'/>
          <attr name='Reused-LOC (Top Down)' value='0.0'/>
          <attr name='Added-LOC (Top Down)' value='40.0'/>
          <attr name='Time Per Person' value='10.0'/>
          <attr name='PC-Time (Top Down)' value='0.0'/>
          <attr name='IE-Time (Top Down)' value='0.0'/>
          <attr name='Modified-LOC (Top Down)' value='60.0'/>
          <attr name='CR-Time (Top Down)' value='0.0'/>
        </wbsNode>
        <wbsNode name='OSB Back' id='14645722' type='PSP Task' indentLevel='3'>
          <attr name='Time (Top Down)' value='6.0'/>
          <attr name='Added-LOC (Top Down)' value='1.0'/>
          <attr name='Task Size Units' value='Transf'/>
          <attr name='Time Per Person' value='6.0'/>
          <attr name='PC-Time (Top Down)' value='0.0'/>
          <attr name='IE-Time (Top Down)' value='6.0'/>
          <attr name='workflowSourceIDs' value='6849902'/>
          <attr name='Workflow Rate' value='1.0'/>
        </wbsNode>
        <wbsNode name='Aplicaciones' id='14645723' type='PSP Task' indentLevel='3'>
          <attr name='GM-Time (Top Down)' value='4.0'/>
          <attr name='Time (Top Down)' value='8.0'/>
          <attr name='Reused-LOC (Top Down)' value='0.0'/>
          <attr name='Added-LOC (Top Down)' value='120.0'/>
          <attr name='DA-Time (Top Down)' value='0.0'/>
          <attr name='Time Per Person' value='4.0'/>
          <attr name='FF-Time (Top Down)' value='4.0'/>
          <attr name='workflowSourceIDs' value='6849903'/>
          <attr name='Workflow Rate' value='1.0'/>
        </wbsNode>
        <wbsNode name='Base de datos-Atributos' id='14645724' type='PSP Task' indentLevel='3'>
          <attr name='GM-Time (Top Down)' value='1.5'/>
          <attr name='Time (Top Down)' value='1.5'/>
          <attr name='Reused-LOC (Top Down)' value='0.0'/>
          <attr name='Added-LOC (Top Down)' value='2.0'/>
          <attr name='Task Size Units' value='Atributos'/>
          <attr name='Time Per Person' value='1.5'/>
          <attr name='IE-Time (Top Down)' value='0.0'/>
          <attr name='workflowSourceIDs' value='6849904'/>
          <attr name='Workflow Rate' value='1.0'/>
        </wbsNode>
      <wbsNode name='P8: Integrar el subproceso de confirmar transacción' id='14645573' type='Component' indentLevel='2'>
        <attr name='Dependencies' value='hyegb1b9:14645562'/>
        <attr name='Dependency Name 0' value='/Proyecto3/Conocimiento de Cliente'/>
        <attr name='workflowSourceIDs' value='6849884'/>
      </wbsNode>
        <wbsNode name='BPEL' id='14645733' type='PSP Task' indentLevel='3'>
          <attr name='GM-Time (Top Down)' value='16.0'/>
          <attr name='Time (Top Down)' value='64.0'/>
          <attr name='Reused-LOC (Top Down)' value='128.0'/>
          <attr name='DA-Time (Top Down)' value='16.0'/>
          <attr name='# People' value='2.0'/>
          <attr name='Task Size Units' value='Bloque'/>
          <attr name='Time Per Person' value='16.0'/>
          <attr name='PC-Time (Top Down)' value='16.0'/>
          <attr name='workflowSourceIDs' value='6849898'/>
          <attr name='Modified-LOC (Top Down)' value='128.0'/>
          <attr name='Workflow Rate' value='1.0'/>
          <attr name='CR-Time (Top Down)' value='16.0'/>
        </wbsNode>
        <wbsNode name='OSB Back' id='14645737' type='PSP Task' indentLevel='3'>
          <attr name='Time (Top Down)' value='12.0'/>
          <attr name='Reused-LOC (Top Down)' value='2.0'/>
          <attr name='Added-LOC (Top Down)' value='1.0'/>
          <attr name='Task Size Units' value='Transf'/>
          <attr name='Time Per Person' value='6.0'/>
          <attr name='PC-Time (Top Down)' value='6.0'/>
          <attr name='IE-Time (Top Down)' value='6.0'/>
          <attr name='workflowSourceIDs' value='6849902'/>
          <attr name='Modified-LOC (Top Down)' value='2.0'/>
          <attr name='Workflow Rate' value='1.0'/>
        </wbsNode>
        <wbsNode name='Aplicaciones' id='14645738' type='PSP Task' indentLevel='3'>
          <attr name='Time (Top Down)' value='19.5'/>
          <attr name='Reused-LOC (Top Down)' value='0.0'/>
          <attr name='Added-LOC (Top Down)' value='200.0'/>
          <attr name='Time Per Person' value='19.5'/>
          <attr name='FF-Time (Top Down)' value='19.5'/>
          <attr name='workflowSourceIDs' value='6849903'/>
          <attr name='Workflow Rate' value='1.0'/>
        </wbsNode>
        <wbsNode name='Base de datos-Atributos' id='14645739' type='PSP Task' indentLevel='3'>
          <attr name='GM-Time (Top Down)' value='2.0'/>
          <attr name='Time (Top Down)' value='2.0'/>
          <attr name='Reused-LOC (Top Down)' value='0.0'/>
          <attr name='Added-LOC (Top Down)' value='2.0'/>
          <attr name='Task Size Units' value='Atributos'/>
          <attr name='Time Per Person' value='2.0'/>
          <attr name='workflowSourceIDs' value='6849904'/>
          <attr name='Workflow Rate' value='1.0'/>
        </wbsNode>
</wbsModel>
