<?xml version='1.0' encoding='UTF-8' ?>
<timeLogEntries>
  <time id="36" path="/Project/Proyecto3PC/Conocimiento de Cliente/P6: Crear servicio de consulta de transacciones en AP_BCS/BAM- KPI/Planning" start="@1411833530408" delta="27" flag="A" />
  <time id="37" path="/Project/Proyecto3PC/Conocimiento de Cliente/P6: Crear servicio de consulta de transacciones en AP_BCS/BAM- KPI/Planning" start="@1411856104992" delta="13" flag="A" />
  <time id="38" path="/Project/Proyecto3PC/Conocimiento de Cliente/P6: Crear servicio de consulta de transacciones en AP_BCS/BAM- KPI/Planning" start="@1411858192716" delta="10" flag="A" />
  <time id="39" path="/Project/Proyecto3PC/Conocimiento de Cliente/P6: Crear servicio de consulta de transacciones en AP_BCS/BAM- KPI/Design" start="@1411860043447" delta="27" flag="A" />
  <time id="40" path="/Project/Proyecto3PC/Conocimiento de Cliente/P6: Crear servicio de consulta de transacciones en AP_BCS/BAM- KPI/Design Review" start="@1411861914821" delta="14" flag="A" />
  <time id="41" path="/Project/Proyecto3PC/Conocimiento de Cliente/P6: Crear servicio de consulta de transacciones en AP_BCS/BAM- KPI/Code" start="@1411862780675" delta="44" flag="A" />
  <time id="42" path="/Project/Proyecto3PC/Conocimiento de Cliente/P6: Crear servicio de consulta de transacciones en AP_BCS/BAM- KPI/Code" start="@1411866356439" delta="12" flag="A" />
  <time id="43" path="/Project/Proyecto3PC/Conocimiento de Cliente/P6: Crear servicio de consulta de transacciones en AP_BCS/BAM- KPI/Code" start="@1411914704943" delta="21" flag="A" />
  <time id="44" path="/Project/Proyecto3PC/Conocimiento de Cliente/Tarea de Rol/Seguimiento(2)" start="@1411922874724" delta="2" flag="A" />
  <time id="45" path="/Project/Proyecto3PC/Conocimiento de Cliente/Tarea de Rol/Seguimiento(2)" start="@1411923035647" delta="25" flag="A" />
  <time id="46" path="/Project/Proyecto3PC/Conocimiento de Cliente/P6: Crear servicio de consulta de transacciones en AP_BCS/BAM- KPI/Code" start="@1411926368470" delta="6" flag="A" />
  <time id="47" path="/Project/Proyecto3PC/Conocimiento de Cliente/Tarea de Rol/Seguimiento(2)" start="@1411926727920" delta="5" flag="A" />
  <time id="48" path="/Project/Proyecto3PC/Conocimiento de Cliente/P6: Crear servicio de consulta de transacciones en AP_BCS/BAM- KPI/Code" start="@1411927268551" delta="23" flag="A" />
  <time id="49" path="/Project/Proyecto3PC/Conocimiento de Cliente/P6: Crear servicio de consulta de transacciones en AP_BCS/BAM- KPI/Code" start="@1411932003452" delta="42" flag="A" />
  <time id="50" path="/Project/Proyecto3PC/Conocimiento de Cliente/P6: Crear servicio de consulta de transacciones en AP_BCS/BAM- KPI/Code" start="@1411946121959" delta="71" flag="A" />
</timeLogEntries>
