<?xml version='1.0' encoding='UTF-8' ?>
<timeLogEntries>
  <time path="/Proyecto/Proyecto3_IE/Ciclo3/Reputacion/OSB Front&#10;/Proyecto/Proyecto3_IE/Ciclo3/P11: Reputacion/OSB Front" flag="R" />
  <time path="/Proyecto/Proyecto3_IE/Ciclo3/Reputacion/OSB Back&#10;/Proyecto/Proyecto3_IE/Ciclo3/P11: Reputacion/OSB Back" flag="R" />
  <time path="/Proyecto/Proyecto3_IE/Ciclo3/Reputacion/Integracion&#10;/Proyecto/Proyecto3_IE/Ciclo3/P11: Reputacion/Integracion" flag="R" />
  <time path="/Proyecto/Proyecto3_IE/Ciclo3/Reputacion&#10;/Proyecto/Proyecto3_IE/Ciclo3/P11: Reputacion" flag="R" />
  <time path="/Proyecto/Proyecto3_IE/Ciclo3/Promociones fabricantes/OSB Front&#10;/Proyecto/Proyecto3_IE/Ciclo3/P9: Crear Combos promocionales/OSB Front" flag="R" />
  <time path="/Proyecto/Proyecto3_IE/Ciclo3/Promociones fabricantes/OSB Back&#10;/Proyecto/Proyecto3_IE/Ciclo3/P9: Crear Combos promocionales/OSB Back" flag="R" />
  <time path="/Proyecto/Proyecto3_IE/Ciclo3/Promociones fabricantes/Integracion&#10;/Proyecto/Proyecto3_IE/Ciclo3/P9: Crear Combos promocionales/Integracion" flag="R" />
  <time path="/Proyecto/Proyecto3_IE/Ciclo3/Promociones fabricantes&#10;/Proyecto/Proyecto3_IE/Ciclo3/P9: Crear Combos promocionales" flag="R" />
  <time id="122" path="/Proyecto/Proyecto3_IE/Ciclo3/Lanzamiento/Asignar roles y tareas" start="@1413520676814" delta="30" flag="A" />
  <time id="123" path="/Proyecto/Proyecto3_IE/Ciclo3/P10: Comprar combos/OSB Front/Planning" start="@1413434423000" delta="5" flag="A" />
  <time id="124" path="/Proyecto/Proyecto3_IE/Ciclo3/P10: Comprar combos/OSB Back/Planning" start="@1413434436000" delta="5" flag="A" />
</timeLogEntries>
