<?xml version='1.0' encoding='UTF-8' ?>
<timeLogEntries>
  <time id="1" path="/Proyecto/Proyecto3GM/Encuestas/P3: Implementación módulo de encuestas del AP_CRM/CRM/Planning" start="@1407114602000" delta="90" comment="Integracion / investigacion de integracion GestionConsultaJSONCampanias al php" />
  <time id="2" path="/Proyecto/Proyecto3GM/Encuestas/P3: Implementación módulo de encuestas del AP_CRM/CRM/Design" start="@1407078000000" delta="30" comment="GestionConsultaJSONCampanias" />
  <time id="3" path="/Proyecto/Proyecto3GM/Encuestas/P3: Implementación módulo de encuestas del AP_CRM/CRM/Design" start="@1408204800000" delta="60" comment="diseño funcionalidades de soporte getCampaniaActiva" />
  <time id="4" path="/Proyecto/Proyecto3GM/Encuestas/P3: Implementación módulo de encuestas del AP_CRM/CRM/Code" start="@1407088800000" delta="120" comment="generacion de servicio GestionConsultaJSONCampanias 2.5" />
  <time id="5" path="/Proyecto/Proyecto3GM/Encuestas/P3: Implementación módulo de encuestas del AP_CRM/CRM/Code" start="@1407046715000" delta="50" comment="servicio back GestionConsultaJSONCampanias" />
  <time id="6" path="/Proyecto/Proyecto3GM/Encuestas/P3: Implementación módulo de encuestas del AP_CRM/CRM/Code" start="@1408209675000" delta="60" comment="getCampaniaActiva" />
  <time id="7" path="/Proyecto/Proyecto3GM/Encuestas/P3: Implementación módulo de encuestas del AP_CRM/CRM/Code" start="@1408170158000" delta="60" comment="Cambios getCampaniaActiva con funcionalidad  darIdCampaniaGenerica(), activarCampaniaPorDefecto() y ActivarCampania(idCampania)" />
  <time id="8" path="/Proyecto/Proyecto3GM/Encuestas/P3: Implementación módulo de encuestas del AP_CRM/CRM/Code" start="@1408170267000" delta="90" comment="Funcionalidades desactivarCampaniasExcepto(idCampania) " />
  <time id="9" path="/Proyecto/Proyecto3GM/Encuestas/P3: Implementación módulo de encuestas del AP_CRM/CRM/Code" start="@1408170293000" delta="30" comment="Cambios a metodos de actualizar campania y crear campania para permitir solo una campaña activa" />
  <time id="11" path="/Proyecto/Proyecto3GM/Encuestas/P3: Implementación módulo de encuestas del AP_CRM/CRM/Test" start="@1407133552000" delta="240" comment="prueba en máquina C de consulta desde php a la url http://157.253.238.25:7001/marketPlace/proxy/GestionConsultaJSONCampanias/GestionConsultaJSONCampanias" />
  <time id="12" path="/Proyecto/Proyecto3GM/Encuestas/P3: Implementación módulo de encuestas del AP_CRM/Base de datos/Design" start="@1407047238000" delta="15" />
  <time id="13" path="/Proyecto/Proyecto3GM/Encuestas/P3: Implementación módulo de encuestas del AP_CRM/Base de datos/Code" start="@1407047279000" delta="60" comment="consulta sql" />
  <time id="14" path="/Proyecto/Proyecto3GM/Encuestas/P3: Implementación módulo de encuestas del AP_CRM/Base de datos/Postmortem" start="@1409380116000" delta="60" />
  <time id="15" path="/Proyecto/Proyecto3GM/Encuestas/P4: Implementación de políticas para creación de encuestas de satisfacción a las campañas de MPLA/Logica de negocio/Planning" start="@1407047350000" delta="210" comment="Solucionando problemas de apache (máquina personal)" />
  <time id="16" path="/Proyecto/Proyecto3GM/Encuestas/P4: Implementación de políticas para creación de encuestas de satisfacción a las campañas de MPLA/Logica de negocio/Planning" start="@1407081852000" delta="45" comment="Tutorial componente front end de Joomla" />
  <time id="17" path="/Proyecto/Proyecto3GM/Encuestas/P4: Implementación de políticas para creación de encuestas de satisfacción a las campañas de MPLA/Logica de negocio/Planning" start="@1407081885000" delta="240" comment="Tutorial componente back end de Joomla" />
  <time id="18" path="/Proyecto/Proyecto3GM/Encuestas/P4: Implementación de políticas para creación de encuestas de satisfacción a las campañas de MPLA/Logica de negocio/Design Review" start="@1407600320000" delta="150" comment="Funcionalidad de busqueda de encuestas" />
  <time id="19" path="/Proyecto/Proyecto3GM/Encuestas/P4: Implementación de políticas para creación de encuestas de satisfacción a las campañas de MPLA/Logica de negocio/Design Review" start="@1407686732000" delta="120" comment="Funcionalidad de busqueda de encuestas" />
  <time id="20" path="/Proyecto/Proyecto3GM/Encuestas/P4: Implementación de políticas para creación de encuestas de satisfacción a las campañas de MPLA/Logica de negocio/Design Review" start="@1407773139000" delta="120" comment="Funcionalidad de busqueda de encuestas" />
  <time id="21" path="/Proyecto/Proyecto3GM/Encuestas/P4: Implementación de políticas para creación de encuestas de satisfacción a las campañas de MPLA/Logica de negocio/Design Review" start="@1407859545000" delta="120" comment="Funcionalidad de busqueda de encuestas" />
  <time id="22" path="/Proyecto/Proyecto3GM/Encuestas/P4: Implementación de políticas para creación de encuestas de satisfacción a las campañas de MPLA/Logica de negocio/Design Review" start="@1408032457000" delta="60" comment="Revision y corrección de pruebas ejecutadas" />
  <time id="23" path="/Proyecto/Proyecto3GM/Encuestas/P4: Implementación de políticas para creación de encuestas de satisfacción a las campañas de MPLA/Logica de negocio/Postmortem" start="@1409457960000" delta="90" comment="Pruebas funcionalidad de encuestas" />
  <time id="24" path="/Proyecto/Proyecto3GM/Encuestas/Integracion/Planning" start="@1409328545901" delta="60" comment="solucionar problemas de integracion nusoap con oracle" />
  <time id="25" path="/Proyecto/Proyecto3GM/Encuestas/Integracion/Planning" start="@1408723838000" delta="60" comment="plan de pruebas integracion" />
  <time id="26" path="/Proyecto/Proyecto3GM/Encuestas/P4: Implementación de políticas para creación de encuestas de satisfacción a las campañas de MPLA/Logica de negocio/Design" start="@1409443214000" delta="120" comment="Elaboracion de manuales del modulo de encuestas" />
  <time id="27" path="/Proyecto/Proyecto3GM/Encuestas/P3: Implementación módulo de encuestas del AP_CRM/CRM/Planning" start="@1407078000000" delta="60" comment="Reunion de equipo" />
  <time id="28" path="/Proyecto/Proyecto3GM/Encuestas/P3: Implementación módulo de encuestas del AP_CRM/CRM/Planning" start="@1407682800000" comment="Reunion de equipo" />
  <time id="30" path="/Proyecto/Proyecto3GM/Encuestas/P4: Implementación de políticas para creación de encuestas de satisfacción a las campañas de MPLA/Logica de negocio/Planning" start="@1408287600000" delta="60" comment="Reunion de equipo" />
  <time id="31" path="/Proyecto/Proyecto3GM/Encuestas/P4: Implementación de políticas para creación de encuestas de satisfacción a las campañas de MPLA/Logica de negocio/Planning" start="@1408892400000" delta="60" comment="Reunion de equipo" />
  <time id="32" path="/Proyecto/Proyecto3GM/Encuestas/Integracion/Postmortem" start="@1409428800000" delta="360" comment="Tiempo de documentaion y postmortem" />
  <time id="33" path="/Proyecto/Proyecto3GM/Encuestas/Integracion/Postmortem" start="@1409498088000" delta="120" comment="Tiempo de documentaion y postmortem" />
  <time id="34" path="/Proyecto/Proyecto3GM/Encuestas/P3: Implementación módulo de encuestas del AP_CRM/CRM/Postmortem" start="@1409505029929" delta="60" comment="postmortem" />
  <time id="35" path="/Proyecto/Proyecto3GM/Conocimiento de Cliente/Lanzamiento/Asignar roles y tareas" start="@1409889000000" delta="50" comment="reunión de lanzamiento: asignaciónde roles" />
  <time id="36" path="/Proyecto/Proyecto3GM/Manteniemiento del sistema" start="@1410101186000" delta="49" interrupt="29" comment="plan de SVN" />
  <time id="37" path="/Proyecto/Proyecto3GM/Manteniemiento del sistema" start="@1410106130000" delta="18" comment="cambio contrasena maquina B. Bloque cambio automatico" />
  <time id="38" path="/Proyecto/Proyecto3GM/Manteniemiento del sistema" start="@1410110974000" delta="22" comment="plan SVN" />
  <time id="39" path="/Proyecto/Proyecto3GM/Manteniemiento del sistema" start="@1410113053000" delta="27" comment="Ejecución del backup máquina C" />
  <time id="40" path="/Proyecto/Proyecto3GM/Manteniemiento del sistema" start="@1410127752000" delta="93" comment="Versionamiento de máquinas A y B" />
  <time id="41" path="/Proyecto/Proyecto3GM/Conocimiento de Cliente/Lanzamiento/Plan de riesgos" start="@1410134209715" delta="13" comment="plan de riesgos" />
  <time id="42" path="/Proyecto/Proyecto3GM/Conocimiento de Cliente/Lanzamiento/Plan de riesgos" start="@1410137543784" delta="157" interrupt="26" comment="plan de riesgos" />
  <time id="43" path="/Proyecto/Proyecto3GM/Conocimiento de Cliente/Lanzamiento/Plan de riesgos" start="@1410151300278" delta="28" comment="plan de riesgos" />
  <time id="45" path="/Proyecto/Proyecto3GM/Conocimiento de Cliente/P7: Crear campañas enfocadas a clientes con baja actividad./CRM-Atributos/Planning" start="@1410224713000" delta="32" comment="Se hizo una revición de los posibles servicios que se pueden necesitar.s" />
  <time id="47" path="/Proyecto/Proyecto3GM/Conocimiento de Cliente/Lanzamiento/Asignar roles y tareas" start="@1410227843191" delta="55" />
  <time id="48" path="/Proyecto/Proyecto3GM/Conocimiento de Cliente/Lanzamiento/Plan de riesgos" start="@1410231139928" delta="3" />
  <time id="49" path="/Proyecto/Proyecto3GM/Conocimiento de Cliente/Lanzamiento/Plan de riesgos" start="@1410296328560" delta="19" />
  <time id="50" path="/Proyecto/Proyecto3GM/Conocimiento de Cliente/Tarea de Rol/Seguimiento(1)" start="@1410697523000" delta="2400" />
  <time id="51" path="/Proyecto/Proyecto3GM/Conocimiento de Cliente/Tarea de Rol/Seguimiento(2)" start="@1411302334000" delta="2400" />
  <time id="52" path="/Proyecto/Proyecto3GM/Conocimiento de Cliente/Tarea de Rol/Seguimiento(3)" start="@1411907142000" delta="2400" />
  <time id="53" path="/Proyecto/Proyecto3GM/Conocimiento de Cliente/P6: Crear servicio de consulta de transacciones en AP_BCS/Base de datos-Atributos/Planning" start="@1414499276000" delta="30" />
  <time id="54" path="/Proyecto/Proyecto3GM/Conocimiento de Cliente/P6: Crear servicio de consulta de transacciones en AP_BCS/Base de datos-Atributos/Design" start="@1412425727209" delta="10" />
  <time id="55" path="/Proyecto/Proyecto3GM/Conocimiento de Cliente/P6: Crear servicio de consulta de transacciones en AP_BCS/Base de datos-Atributos/Design Review" start="@1412425746672" delta="5" />
  <time id="56" path="/Proyecto/Proyecto3GM/Conocimiento de Cliente/P6: Crear servicio de consulta de transacciones en AP_BCS/Base de datos-Atributos/Code" start="@1412425782096" delta="60" />
  <time id="57" path="/Proyecto/Proyecto3GM/Conocimiento de Cliente/P6: Crear servicio de consulta de transacciones en AP_BCS/Base de datos-Atributos/Code Review" start="@1412425791017" delta="10" />
  <time id="58" path="/Proyecto/Proyecto3GM/Conocimiento de Cliente/P6: Crear servicio de consulta de transacciones en AP_BCS/Base de datos-Atributos/Test" start="@1412425804912" delta="60" />
  <time id="60" path="/Proyecto/Proyecto3GM/Conocimiento de Cliente/P7: Crear campañas enfocadas a clientes con baja actividad./CRM-Atributos/Design" start="@1412426181373" delta="30" />
  <time id="61" path="/Proyecto/Proyecto3GM/Conocimiento de Cliente/P7: Crear campañas enfocadas a clientes con baja actividad./CRM-Atributos/Design Review" start="@1412426189405" delta="30" />
  <time id="65" path="/Proyecto/Proyecto3GM/Conocimiento de Cliente/P7: Crear campañas enfocadas a clientes con baja actividad./Aplicaciones/Planning" start="@1411821543000" delta="60" />
  <time id="66" path="/Proyecto/Proyecto3GM/Conocimiento de Cliente/P7: Crear campañas enfocadas a clientes con baja actividad./Aplicaciones/Design" start="@1411821577000" delta="60" />
  <time id="67" path="/Proyecto/Proyecto3GM/Conocimiento de Cliente/P7: Crear campañas enfocadas a clientes con baja actividad./Aplicaciones/Design Review" start="@1411821627000" delta="30" />
  <time id="68" path="/Proyecto/Proyecto3GM/Conocimiento de Cliente/P7: Crear campañas enfocadas a clientes con baja actividad./Aplicaciones/Code" start="@1411821643000" delta="360" />
  <time id="69" path="/Proyecto/Proyecto3GM/Conocimiento de Cliente/P7: Crear campañas enfocadas a clientes con baja actividad./Aplicaciones/Code Review" start="@1412426465651" delta="30" />
  <time id="70" path="/Proyecto/Proyecto3GM/Conocimiento de Cliente/P7: Crear campañas enfocadas a clientes con baja actividad./Aplicaciones/Test" start="@1412426476356" delta="210" />
  <time id="71" path="/Proyecto/Proyecto3GM/Conocimiento de Cliente/P7: Crear campañas enfocadas a clientes con baja actividad./CRM-Atributos/Code" start="@1411821745000" delta="30" />
  <time id="72" path="/Proyecto/Proyecto3GM/Conocimiento de Cliente/P7: Crear campañas enfocadas a clientes con baja actividad./CRM-Atributos/Test" start="@1412426616651" delta="30" />
  <time id="79" path="/Proyecto/Proyecto3GM/Conocimiento de Cliente/P8: Integrar el subproceso de confirmar transacción/BPEL/Planning" start="@1411909111000" delta="60" />
  <time id="80" path="/Proyecto/Proyecto3GM/Conocimiento de Cliente/P8: Integrar el subproceso de confirmar transacción/BPEL/Design" start="@1414501118000" delta="60" />
  <time id="81" path="/Proyecto/Proyecto3GM/Conocimiento de Cliente/P8: Integrar el subproceso de confirmar transacción/BPEL/Design Review" start="@1414501126000" delta="30" />
  <time id="82" path="/Proyecto/Proyecto3GM/Conocimiento de Cliente/P8: Integrar el subproceso de confirmar transacción/BPEL/Code" start="@1414501171000" delta="120" />
  <time id="83" path="/Proyecto/Proyecto3GM/Conocimiento de Cliente/P8: Integrar el subproceso de confirmar transacción/BPEL/Code Review" start="@1414501181000" delta="15" />
  <time id="84" path="/Proyecto/Proyecto3GM/Conocimiento de Cliente/P8: Integrar el subproceso de confirmar transacción/BPEL/Test" start="@1414501190000" delta="110" />
  <time id="85" path="/Proyecto/Proyecto3GM/Conocimiento de Cliente/Integracion de estrategia/Test" start="@1412254945000" delta="120" comment="fix de campaña generica con formato de fecha incorrecta y querys para actualizar descuento y clasificacion de clientes ny campañas probando integracion" />
  <time id="87" path="/Proyecto/Proyecto3GM/Conocimiento de Cliente/Integracion de estrategia/Test" start="@1411564299000" delta="90" comment="limpieza de bd, campañas y clientes" />
  <time id="88" path="/Proyecto/Proyecto3GM/Conocimiento de Cliente/P7: Crear campañas enfocadas a clientes con baja actividad./CRM-Atributos/Planning" start="@1411996361000" delta="15" comment="se agrego campo de nivel de actividad campaña" />
  <time id="89" path="/Proyecto/Proyecto3GM/Conocimiento de Cliente/P7: Crear campañas enfocadas a clientes con baja actividad./CRM-Atributos/Design" start="@1412428392710" delta="15" comment="camp de nivel de actividad campaña" />
  <time id="90" path="/Proyecto/Proyecto3GM/Conocimiento de Cliente/P7: Crear campañas enfocadas a clientes con baja actividad./Aplicaciones/Planning" start="@1411996449000" delta="10" comment="campo nivel actividad campaña" />
  <time id="91" path="/Proyecto/Proyecto3GM/Conocimiento de Cliente/P7: Crear campañas enfocadas a clientes con baja actividad./Aplicaciones/Design" start="@1411996477000" delta="10" comment="campo nivel de actividad campaña" />
  <time id="92" path="/Proyecto/Proyecto3GM/Conocimiento de Cliente/P7: Crear campañas enfocadas a clientes con baja actividad./Aplicaciones/Design Review" start="@1412082892000" delta="10" comment="campo nivel de actividad campaña" />
  <time id="93" path="/Proyecto/Proyecto3GM/Conocimiento de Cliente/P7: Crear campañas enfocadas a clientes con baja actividad./Aplicaciones/Code" start="@1412082905000" delta="120" comment="Actualizar operaciones. Nivel de actividad campaña" />
  <time id="95" path="/Proyecto/Proyecto3GM/Conocimiento de Cliente/P7: Crear campañas enfocadas a clientes con baja actividad./Aplicaciones/Planning" start="@1412256054000" delta="30" comment="correcion a mostrar y actualizar clasificacion cliente" />
  <time id="96" path="/Proyecto/Proyecto3GM/Conocimiento de Cliente/P7: Crear campañas enfocadas a clientes con baja actividad./Aplicaciones/Design" start="@1412256147000" delta="30" comment="fix ostar y actualizar clasificacion cliente" />
  <time id="97" path="/Proyecto/Proyecto3GM/Conocimiento de Cliente/P7: Crear campañas enfocadas a clientes con baja actividad./Aplicaciones/Design Review" start="@1412256177000" delta="10" comment="mostrar y actualizar clasificacion cliente" />
  <time id="98" path="/Proyecto/Proyecto3GM/Conocimiento de Cliente/P7: Crear campañas enfocadas a clientes con baja actividad./Aplicaciones/Code" start="@1412256196000" delta="60" comment="Mostrar y actualizar clasificacion cliente" />
  <time id="99" path="/Proyecto/Proyecto3GM/Conocimiento de Cliente/P7: Crear campañas enfocadas a clientes con baja actividad./Aplicaciones/Code Review" start="@1412429017649" delta="10" comment="mostar y actualizar clasificacion cliente" />
  <time id="100" path="/Proyecto/Proyecto3GM/Conocimiento de Cliente/P7: Crear campañas enfocadas a clientes con baja actividad./Aplicaciones/Test" start="@1412429035000" delta="10" comment="Mostar y actualizar clasificacion cliente" />
  <time id="101" path="/Proyecto/Proyecto3GM/Conocimiento de Cliente/Tarea de Rol/Seguimiento(1)" start="@1413293413000" delta="60" comment="Revision de la primera semana de risgos" />
  <time id="102" path="/Proyecto/Proyecto3GM/Conocimiento de Cliente/Tarea de Rol/Seguimiento(4)" start="@1412434466153" delta="4" />
  <time id="103" path="/Proyecto/Proyecto3GM/Conocimiento de Cliente/Tarea de Rol/Seguimiento(4)" start="@1412436095476" delta="11" />
  <time id="104" path="/Proyecto/Proyecto3GM/Conocimiento de Cliente/Tarea de Rol/Seguimiento(4)" start="@1412437266385" delta="22" interrupt="2" />
  <time id="105" path="/Proyecto/Proyecto3GM/Conocimiento de Cliente/Tarea de Rol/Seguimiento(1)" start="@1412438719078" delta="37" />
  <time id="106" path="/Proyecto/Proyecto3GM/Conocimiento de Cliente/Integracion de estrategia/Test" start="@1412441926000" delta="40" comment="reunión para brindarle el equipo datos de cuentas activas" />
  <time id="107" path="/Proyecto/Proyecto3GM/Conocimiento de Cliente/Integracion de estrategia/Test" start="@1412442007344" delta="2" />
  <time id="108" path="/Proyecto/Proyecto3GM/Conocimiento de Cliente/Integracion de estrategia/Design" start="@1412442176446" delta="15" />
  <time id="109" path="/Proyecto/Proyecto3GM/Conocimiento de Cliente/Integracion de estrategia/Design" start="@1412449126420" delta="95" />
  <time id="110" path="/Proyecto/Proyecto3GM/Conocimiento de Cliente/P6: Crear servicio de consulta de transacciones en AP_BCS/Base de datos-Atributos/Code" start="@1412456444740" delta="50" />
  <time id="111" path="/Proyecto/Proyecto3GM/Conocimiento de Cliente/P8: Integrar el subproceso de confirmar transacción/Base de datos-Atributos/Code" start="@1412480436000" delta="20" />
  <time id="112" path="/Proyecto/Proyecto3GM/Conocimiento de Cliente/P7: Crear campañas enfocadas a clientes con baja actividad./Base de datos-Atributos/Code" start="@1412640820608" delta="5" />
  <time id="113" path="/Proyecto/Proyecto3GM/Conocimiento de Cliente/P7: Crear campañas enfocadas a clientes con baja actividad./Base de datos-Atributos/Planning" start="@1412641133565" delta="7" />
  <time id="114" path="/Proyecto/Proyecto3GM/Conocimiento de Cliente/Tarea de Rol/Seguimiento(3)" start="@1412641530146" delta="2" />
  <time id="115" path="/Proyecto/Proyecto3GM/Conocimiento de Cliente/Tarea de Rol/Seguimiento(3)" start="@1412641935144" delta="74" />
  <time id="116" path="/Proyecto/Proyecto3GM/Conocimiento de Cliente/P6: Crear servicio de consulta de transacciones en AP_BCS/Base de datos-Atributos/Code" start="@1412651805929" delta="50" />
  <time id="117" path="/Proyecto/Proyecto3GM/Conocimiento de Cliente/P6: Crear servicio de consulta de transacciones en AP_BCS/Base de datos-Atributos/Code" start="@1412656326969" delta="1398" />
  <time id="118" path="/Proyecto/Proyecto3GM/Conocimiento de Cliente/P7: Crear campañas enfocadas a clientes con baja actividad./Base de datos-Atributos/Planning" start="@1412740233880" delta="21" />
</timeLogEntries>
