<?xml version='1.0' encoding='UTF-8' ?>
<timeLogEntries>
  <time id="1" path="/Proyecto/Proyecto3FF/Manteniemiento del sistema" start="@1407716593000" delta="60" interrupt="23" />
  <time id="2" path="/Proyecto/Proyecto3FF/Manteniemiento del sistema" start="@1408062225000" delta="120" interrupt="45" />
  <time id="3" path="/Proyecto/Proyecto3FF/Manteniemiento del sistema" start="@1408148652000" delta="120" interrupt="12" />
  <time id="4" path="/Proyecto/Proyecto3FF/Manteniemiento del sistema" start="@1409444683000" delta="90" />
  <time id="7" path="/Proyecto/Proyecto3FF/Encuestas/P4: Implementación de políticas para creación de encuestas de satisfacción a las campañas de MPLA/Base de datos/Planning" start="@1407025579000" delta="40" interrupt="15" />
  <time id="8" path="/Proyecto/Proyecto3FF/Encuestas/P4: Implementación de políticas para creación de encuestas de satisfacción a las campañas de MPLA/Base de datos/Design" start="@1407371213000" delta="120" interrupt="22" />
  <time id="9" path="/Proyecto/Proyecto3FF/Encuestas/P4: Implementación de políticas para creación de encuestas de satisfacción a las campañas de MPLA/Base de datos/Design" start="@1407544014000" delta="60" interrupt="50" />
  <time id="10" path="/Proyecto/Proyecto3FF/Encuestas/P4: Implementación de políticas para creación de encuestas de satisfacción a las campañas de MPLA/Base de datos/Design" start="@1407630414000" delta="75" />
  <time id="11" path="/Proyecto/Proyecto3FF/Encuestas/P4: Implementación de políticas para creación de encuestas de satisfacción a las campañas de MPLA/Base de datos/Design Review" start="@1407630650000" delta="75" interrupt="30" />
  <time id="12" path="/Proyecto/Proyecto3FF/Encuestas/P4: Implementación de políticas para creación de encuestas de satisfacción a las campañas de MPLA/Base de datos/Design Review" start="@1407717050000" delta="50" interrupt="25" />
  <time id="13" path="/Proyecto/Proyecto3FF/Encuestas/P4: Implementación de políticas para creación de encuestas de satisfacción a las campañas de MPLA/Base de datos/Code" start="@1407803545000" delta="90" interrupt="5" />
  <time id="14" path="/Proyecto/Proyecto3FF/Encuestas/P4: Implementación de políticas para creación de encuestas de satisfacción a las campañas de MPLA/Base de datos/Code" start="@1408062745000" delta="120" interrupt="50" />
  <time id="15" path="/Proyecto/Proyecto3FF/Encuestas/P4: Implementación de políticas para creación de encuestas de satisfacción a las campañas de MPLA/Base de datos/Code" start="@1408149146000" delta="75" interrupt="20" />
  <time id="16" path="/Proyecto/Proyecto3FF/Encuestas/P4: Implementación de políticas para creación de encuestas de satisfacción a las campañas de MPLA/Base de datos/Code" start="@1408235546000" delta="50" interrupt="4" />
  <time id="17" path="/Proyecto/Proyecto3FF/Encuestas/P4: Implementación de políticas para creación de encuestas de satisfacción a las campañas de MPLA/Base de datos/Code Review" start="@1408322052000" delta="75" />
  <time id="18" path="/Proyecto/Proyecto3FF/Encuestas/P4: Implementación de políticas para creación de encuestas de satisfacción a las campañas de MPLA/Base de datos/Compile" start="@1408322093000" delta="30" />
  <time id="19" path="/Proyecto/Proyecto3FF/Encuestas/P4: Implementación de políticas para creación de encuestas de satisfacción a las campañas de MPLA/Base de datos/Test" start="@1408322114000" delta="105" interrupt="38" />
  <time id="20" path="/Proyecto/Proyecto3FF/Encuestas/P4: Implementación de políticas para creación de encuestas de satisfacción a las campañas de MPLA/Base de datos/Test" start="@1408408514000" delta="105" interrupt="5" />
  <time id="21" path="/Proyecto/Proyecto3FF/Encuestas/P4: Implementación de políticas para creación de encuestas de satisfacción a las campañas de MPLA/Base de datos/Postmortem" start="@1409445434000" delta="30" />
  <time id="22" path="/Proyecto/Proyecto3FF/Encuestas/P4: Implementación de políticas para creación de encuestas de satisfacción a las campañas de MPLA/Base de datos/Postmortem" start="@1409531854000" delta="15" />
  <time id="23" path="/Proyecto/Proyecto3FF/Encuestas/Integracion/Planning" start="@1408581607000" delta="20" />
  <time id="24" path="/Proyecto/Proyecto3FF/Encuestas/Integracion/Design" start="@1408668025000" delta="45" interrupt="6" />
  <time id="25" path="/Proyecto/Proyecto3FF/Encuestas/Integracion/Design" start="@1408754425000" delta="50" interrupt="15" />
  <time id="26" path="/Proyecto/Proyecto3FF/Encuestas/Integracion/Design Review" start="@1408840913000" delta="10" />
  <time id="27" path="/Proyecto/Proyecto3FF/Encuestas/Integracion/Code" start="@1408840942000" delta="70" />
  <time id="28" path="/Proyecto/Proyecto3FF/Encuestas/Integracion/Code" start="@1408840942000" delta="60" interrupt="15" />
  <time id="29" path="/Proyecto/Proyecto3FF/Encuestas/Integracion/Code" start="@1408927343000" delta="65" interrupt="23" />
  <time id="30" path="/Proyecto/Proyecto3FF/Encuestas/Integracion/Code Review" start="@1408927417000" delta="10" interrupt="10" />
  <time id="31" path="/Proyecto/Proyecto3FF/Encuestas/Integracion/Compile" start="@1408927452000" delta="10" />
  <time id="32" path="/Proyecto/Proyecto3FF/Encuestas/Integracion/Test" start="@1408927499000" delta="75" />
  <time id="33" path="/Proyecto/Proyecto3FF/Encuestas/Integracion/Test" start="@1409013899000" delta="95" interrupt="35" />
  <time id="34" path="/Proyecto/Proyecto3FF/Encuestas/Integracion/Postmortem" start="@1409532345000" delta="15" />
</timeLogEntries>
