<wbsModel>
  <wbsNode name='Proyecto3' id='14645847' type='Project' indentLevel='0' expanded='true'>
    <attr name='createdWithVersion' value='4.0.0'/>
  </wbsNode>
    <wbsNode name='Manteniemiento del sistema' id='14645787' type='Compile Task' indentLevel='1'>
      <attr name='GM-Time (Top Down)' value='5.0'/>
      <attr name='Time (Top Down)' value='40.0'/>
      <attr name='CR-Time (Synced)' value='15.0'/>
      <attr name='DA-Time (Top Down)' value='5.0'/>
      <attr name='# People' value='6.0'/>
      <attr name='Time Per Person' value='5.0'/>
      <attr name='PC-Time (Top Down)' value='5.0'/>
      <attr name='IE-Time (Top Down)' value='5.0'/>
      <attr name='FF-Time (Top Down)' value='5.0'/>
      <attr name='CR-Time (Top Down)' value='15.0'/>
    </wbsNode>
    <wbsNode name='Encuestas' id='14645561' type='Component' indentLevel='1'>
      <attr name='Milestone' value='15036106'/>
    </wbsNode>
      <wbsNode name='P3: Implementación módulo de encuestas del AP_CRM' id='14645568' type='Component' indentLevel='2'>
        <attr name='workflowSourceIDs' value='6849884'/>
      </wbsNode>
        <wbsNode name='InterfazMVC' id='14645663' type='PSP Task' indentLevel='3'>
          <attr name='Time (Top Down)' value='23.0'/>
          <attr name='Added-LOC (Top Down)' value='250.0'/>
          <attr name='DA-Time (Top Down)' value='23.0'/>
          <attr name='Time Per Person' value='23.0'/>
          <attr name='PC-Time (Top Down)' value='0.0'/>
        </wbsNode>
        <wbsNode name='Logica de negocio' id='14645678' type='PSP Task' indentLevel='3'>
          <attr name='Time (Top Down)' value='23.0'/>
          <attr name='Added-LOC (Top Down)' value='250.0'/>
          <attr name='DA-Time (Top Down)' value='23.0'/>
          <attr name='Time Per Person' value='23.0'/>
          <attr name='PC-Time (Top Down)' value='0.0'/>
          <attr name='FF-Time (Top Down)' value='0.0'/>
        </wbsNode>
        <wbsNode name='CRM' id='14645679' type='PSP Task' indentLevel='3'>
          <attr name='GM-Time (Top Down)' value='10.0'/>
          <attr name='Time (Top Down)' value='10.0'/>
          <attr name='Added-LOC (Top Down)' value='3.0'/>
          <attr name='DA-Time (Top Down)' value='0.0'/>
          <attr name='Time Per Person' value='10.0'/>
          <attr name='PC-Time (Top Down)' value='0.0'/>
          <attr name='IE-Time (Top Down)' value='0.0'/>
          <attr name='FF-Time (Top Down)' value='0.0'/>
        </wbsNode>
        <wbsNode name='Base de datos' id='14645680' type='PSP Task' indentLevel='3'>
          <attr name='GM-Time (Top Down)' value='6.0'/>
          <attr name='Time (Top Down)' value='6.0'/>
          <attr name='Added-LOC (Top Down)' value='9.0'/>
          <attr name='DA-Time (Top Down)' value='0.0'/>
          <attr name='Time Per Person' value='6.0'/>
          <attr name='PC-Time (Top Down)' value='0.0'/>
          <attr name='IE-Time (Top Down)' value='0.0'/>
          <attr name='CR-Time (Top Down)' value='0.0'/>
        </wbsNode>
      <wbsNode name='P4: Implementación de políticas para creación de encuestas de satisfacción a las campañas de MPLA' id='14645569' type='Component' indentLevel='2'>
        <attr name='workflowSourceIDs' value='6849884'/>
      </wbsNode>
        <wbsNode name='Interfaz MVC' id='14645681' type='PSP Task' indentLevel='3'>
          <attr name='GM-Time (Top Down)' value='0.0'/>
          <attr name='Time (Top Down)' value='10.0'/>
          <attr name='Added-LOC (Top Down)' value='400.0'/>
          <attr name='DA-Time (Top Down)' value='10.0'/>
          <attr name='Time Per Person' value='10.0'/>
          <attr name='DA-Time (Synced)' value='10.0'/>
          <attr name='PC-Time (Top Down)' value='0.0'/>
        </wbsNode>
        <wbsNode name='Logica de negocio' id='14645682' type='PSP Task' indentLevel='3'>
          <attr name='GM-Time (Top Down)' value='27.0'/>
          <attr name='Time (Top Down)' value='27.0'/>
          <attr name='Added-LOC (Top Down)' value='370.0'/>
          <attr name='DA-Time (Top Down)' value='0.0'/>
          <attr name='Time Per Person' value='27.0'/>
          <attr name='PC-Time (Top Down)' value='0.0'/>
        </wbsNode>
        <wbsNode name='Base de datos' id='14645683' type='PSP Task' indentLevel='3'>
          <attr name='GM-Time (Top Down)' value='0.0'/>
          <attr name='Time (Top Down)' value='15.0'/>
          <attr name='Added-LOC (Top Down)' value='9.0'/>
          <attr name='Time Per Person' value='15.0'/>
          <attr name='IE-Time (Top Down)' value='0.0'/>
          <attr name='FF-Time (Top Down)' value='15.0'/>
        </wbsNode>
      <wbsNode name='P5: Integración de sistemas de información para activar proceso de envío de encuestas' id='14645570' type='Component' indentLevel='2'>
        <attr name='workflowSourceIDs' value='6849884'/>
      </wbsNode>
        <wbsNode name='BPEL' id='14645690' type='PSP Task' indentLevel='3'>
          <attr name='Time (Top Down)' value='12.0'/>
          <attr name='CR-Time (Synced)' value='12.0'/>
          <attr name='Added-LOC (Top Down)' value='64.0'/>
          <attr name='Task Size Units' value='Bloque'/>
          <attr name='Time Per Person' value='12.0'/>
          <attr name='workflowSourceIDs' value='6849898'/>
          <attr name='Workflow Rate' value='1.0'/>
          <attr name='CR-Time (Top Down)' value='12.0'/>
        </wbsNode>
        <wbsNode name='BAM-Entidad' id='14645691' type='PSP Task' indentLevel='3'>
          <attr name='Time (Top Down)' value='3.0'/>
          <attr name='Added-LOC (Top Down)' value='3.0'/>
          <attr name='Task Size Units' value='entidad'/>
          <attr name='Time Per Person' value='3.0'/>
          <attr name='PC-Time (Top Down)' value='3.0'/>
          <attr name='workflowSourceIDs' value='6849899'/>
          <attr name='Workflow Rate' value='1.0'/>
          <attr name='CR-Time (Top Down)' value='0.0'/>
        </wbsNode>
        <wbsNode name='BAM- KPI' id='14645692' type='PSP Task' indentLevel='3'>
          <attr name='PC-Time (Synced)' value='10.0'/>
          <attr name='Time (Top Down)' value='10.0'/>
          <attr name='Added-LOC (Top Down)' value='3.0'/>
          <attr name='Task Size Units' value='KPI'/>
          <attr name='Time Per Person' value='10.0'/>
          <attr name='PC-Time (Top Down)' value='10.0'/>
          <attr name='workflowSourceIDs' value='6849900'/>
          <attr name='Workflow Rate' value='1.0'/>
          <attr name='CR-Time (Top Down)' value='0.0'/>
        </wbsNode>
        <wbsNode name='OSB Back' id='14645694' type='PSP Task' indentLevel='3'>
          <attr name='Time (Top Down)' value='30.0'/>
          <attr name='IE-Time (Synced)' value='30.0'/>
          <attr name='Added-LOC (Top Down)' value='2.0'/>
          <attr name='Task Size Units' value='Transf'/>
          <attr name='Time Per Person' value='30.0'/>
          <attr name='IE-Time (Top Down)' value='30.0'/>
          <attr name='workflowSourceIDs' value='6849902'/>
          <attr name='Workflow Rate' value='1.0'/>
        </wbsNode>
        <wbsNode name='Aplicaciones' id='14645695' type='PSP Task' indentLevel='3'>
          <attr name='Time (Top Down)' value='13.5'/>
          <attr name='Added-LOC (Top Down)' value='130.0'/>
          <attr name='Time Per Person' value='13.5'/>
          <attr name='IE-Time (Top Down)' value='13.5'/>
          <attr name='FF-Time (Top Down)' value='0.0'/>
          <attr name='workflowSourceIDs' value='6849903'/>
          <attr name='Workflow Rate' value='1.0'/>
        </wbsNode>
      <wbsNode name='Integracion' id='14645788' type='PSP Task' indentLevel='2'>
        <attr name='GM-Time (Top Down)' value='5.0'/>
        <attr name='Time (Top Down)' value='40.0'/>
        <attr name='CR-Time (Synced)' value='15.0'/>
        <attr name='DA-Time (Top Down)' value='5.0'/>
        <attr name='Time Per Person' value='5.0'/>
        <attr name='PC-Time (Top Down)' value='5.0'/>
        <attr name='IE-Time (Top Down)' value='5.0'/>
        <attr name='FF-Time (Top Down)' value='5.0'/>
        <attr name='CR-Time (Top Down)' value='15.0'/>
      </wbsNode>
    <wbsNode name='Conocimiento de Cliente' id='14645562' type='Component' indentLevel='1'>
      <attr name='Milestone' value='15036107'/>
    </wbsNode>
      <wbsNode name='Lanzamiento' id='14645789' type='Component' indentLevel='2'/>
        <wbsNode name='Asignar roles y tareas' id='14645792' type='Planning Task' indentLevel='3'>
          <attr name='GM-Time (Top Down)' value='1.0'/>
          <attr name='Time (Top Down)' value='6.0'/>
          <attr name='DA-Time (Top Down)' value='1.0'/>
          <attr name='Task Size Units' value='HLD Pages'/>
          <attr name='Time Per Person' value='1.0'/>
          <attr name='PC-Time (Top Down)' value='1.0'/>
          <attr name='IE-Time (Top Down)' value='1.0'/>
          <attr name='FF-Time (Top Down)' value='1.0'/>
          <attr name='CR-Time (Top Down)' value='1.0'/>
        </wbsNode>
        <wbsNode name='Metas del producto' id='14645791' type='Planning Task' indentLevel='3'>
          <attr name='Time (Top Down)' value='2.0'/>
          <attr name='Task Size Units' value='HLD Pages'/>
          <attr name='Time Per Person' value='1.0'/>
          <attr name='IE-Time (Top Down)' value='1.0'/>
          <attr name='CR-Time (Top Down)' value='1.0'/>
        </wbsNode>
        <wbsNode name='Plan de calidad' id='14645793' type='Planning Task' indentLevel='3'>
          <attr name='Time (Top Down)' value='2.0'/>
          <attr name='DA-Time (Top Down)' value='2.0'/>
          <attr name='Task Size Units' value='HLD Pages'/>
          <attr name='Time Per Person' value='2.0'/>
        </wbsNode>
        <wbsNode name='Plan de riesgos' id='14645794' type='Planning Task' indentLevel='3'>
          <attr name='GM-Time (Top Down)' value='2.0'/>
          <attr name='Time (Top Down)' value='2.0'/>
          <attr name='Task Size Units' value='HLD Pages'/>
          <attr name='Time Per Person' value='2.0'/>
        </wbsNode>
        <wbsNode name='Plan de desarrollo' id='14645795' type='Planning Task' indentLevel='3'>
          <attr name='Time (Top Down)' value='2.0'/>
          <attr name='Task Size Units' value='HLD Pages'/>
          <attr name='Time Per Person' value='2.0'/>
          <attr name='PC-Time (Top Down)' value='2.0'/>
        </wbsNode>
        <wbsNode name='Plan de pruebas' id='14645796' type='Planning Task' indentLevel='3'>
          <attr name='Time (Top Down)' value='2.0'/>
          <attr name='Task Size Units' value='HLD Pages'/>
          <attr name='Time Per Person' value='2.0'/>
          <attr name='FF-Time (Top Down)' value='2.0'/>
        </wbsNode>
        <wbsNode name='PDT' id='14645797' type='Planning Task' indentLevel='3'>
          <attr name='Time (Top Down)' value='2.0'/>
          <attr name='Task Size Units' value='HLD Pages'/>
          <attr name='Time Per Person' value='1.0'/>
          <attr name='IE-Time (Top Down)' value='1.0'/>
          <attr name='CR-Time (Top Down)' value='1.0'/>
        </wbsNode>
      <wbsNode name='Tarea de Rol' id='14645800' type='Component' indentLevel='2'/>
        <wbsNode name='Seguimiento(1)' id='14645801' type='Documentation Task' indentLevel='3'>
          <attr name='GM-Time (Top Down)' value='1.0'/>
          <attr name='Time (Top Down)' value='6.0'/>
          <attr name='Notes Author' value='IngridEchavarria'/>
          <attr name='DA-Time (Top Down)' value='1.0'/>
          <attr name='Time Per Person' value='1.0'/>
          <attr name='Notes' value='No se realizo seguimiento en la semana 1, por ocupacion en otras asignaturas'/>
          <attr name='PC-Time (Top Down)' value='1.0'/>
          <attr name='IE-Time (Top Down)' value='1.0'/>
          <attr name='FF-Time (Top Down)' value='1.0'/>
          <attr name='Notes Timestamp' value='1.411958961731E12'/>
          <attr name='CR-Time (Top Down)' value='1.0'/>
        </wbsNode>
        <wbsNode name='Seguimiento(2)' id='14645802' type='Documentation Task' indentLevel='3'>
          <attr name='GM-Time (Top Down)' value='1.0'/>
          <attr name='Time (Top Down)' value='6.0'/>
          <attr name='Notes Author' value='IngridEchavarria'/>
          <attr name='DA-Time (Top Down)' value='1.0'/>
          <attr name='Time Per Person' value='1.0'/>
          <attr name='Notes' value='se presenta atrasos en los proyectos, por falta de tiempo de los integrantes. pero se logra iniciar fase de codificacion.'/>
          <attr name='PC-Time (Top Down)' value='1.0'/>
          <attr name='IE-Time (Top Down)' value='1.0'/>
          <attr name='FF-Time (Top Down)' value='1.0'/>
          <attr name='Notes Timestamp' value='1.411959025859E12'/>
          <attr name='CR-Time (Top Down)' value='1.0'/>
        </wbsNode>
        <wbsNode name='Seguimiento(3)' id='14645803' type='Documentation Task' indentLevel='3'>
          <attr name='GM-Time (Top Down)' value='1.0'/>
          <attr name='Time (Top Down)' value='6.0'/>
          <attr name='DA-Time (Top Down)' value='1.0'/>
          <attr name='Time Per Person' value='1.0'/>
          <attr name='PC-Time (Top Down)' value='1.0'/>
          <attr name='IE-Time (Top Down)' value='1.0'/>
          <attr name='FF-Time (Top Down)' value='1.0'/>
          <attr name='CR-Time (Top Down)' value='1.0'/>
        </wbsNode>
        <wbsNode name='Seguimiento(4)' id='14645804' type='Documentation Task' indentLevel='3'>
          <attr name='GM-Time (Top Down)' value='1.0'/>
          <attr name='Time (Top Down)' value='6.0'/>
          <attr name='DA-Time (Top Down)' value='1.0'/>
          <attr name='Time Per Person' value='1.0'/>
          <attr name='PC-Time (Top Down)' value='1.0'/>
          <attr name='IE-Time (Top Down)' value='1.0'/>
          <attr name='FF-Time (Top Down)' value='1.0'/>
          <attr name='CR-Time (Top Down)' value='1.0'/>
        </wbsNode>
      <wbsNode name='P6: Crear servicio de consulta de transacciones en AP_BCS' id='14645571' type='Component' indentLevel='2'>
        <attr name='workflowSourceIDs' value='6849884'/>
      </wbsNode>
        <wbsNode name='Planning' id='14645805' type='Planning Task' indentLevel='3'>
          <attr name='GM-Time (Top Down)' value='1.0'/>
          <attr name='Time (Top Down)' value='2.0'/>
          <attr name='DA-Time (Top Down)' value='0.0'/>
          <attr name='Task Size Units' value='Req Pages '/>
          <attr name='Time Per Person' value='1.0'/>
          <attr name='IE-Time (Top Down)' value='1.0'/>
          <attr name='FF-Time (Top Down)' value='0.0'/>
          <attr name='Misc Size' value='2.0'/>
        </wbsNode>
        <wbsNode name='Portal' id='14645698' type='Component' indentLevel='3'>
          <attr name='workflowSourceIDs' value='6849906'/>
        </wbsNode>
          <wbsNode name='Portlet' id='14645699' type='PSP Task' indentLevel='4'>
            <attr name='Time (Top Down)' value='2.0'/>
            <attr name='DA-Time (Top Down)' value='2.0'/>
            <attr name='Task Size Units' value='Portlet'/>
            <attr name='Time Per Person' value='2.0'/>
            <attr name='workflowSourceIDs' value='6849893'/>
            <attr name='Modified-LOC (Top Down)' value='1.0'/>
            <attr name='Workflow Rate' value='1.0'/>
          </wbsNode>
          <wbsNode name='Bean Session' id='14645700' type='PSP Task' indentLevel='4'>
            <attr name='Time (Top Down)' value='4.0'/>
            <attr name='DA-Time (Top Down)' value='4.0'/>
            <attr name='Task Size Units' value='Bean'/>
            <attr name='Time Per Person' value='4.0'/>
            <attr name='workflowSourceIDs' value='6849894'/>
            <attr name='Modified-LOC (Top Down)' value='1.0'/>
            <attr name='Workflow Rate' value='1.0'/>
          </wbsNode>
          <wbsNode name='Proxy' id='14645701' type='PSP Task' indentLevel='4'>
            <attr name='Time (Top Down)' value='3.0'/>
            <attr name='DA-Time (Top Down)' value='3.0'/>
            <attr name='Task Size Units' value='Proxy'/>
            <attr name='Time Per Person' value='3.0'/>
            <attr name='workflowSourceIDs' value='6849895'/>
            <attr name='Modified-LOC (Top Down)' value='1.0'/>
            <attr name='Workflow Rate' value='1.0'/>
          </wbsNode>
          <wbsNode name='JSPX' id='14645702' type='PSP Task' indentLevel='4'>
            <attr name='Time (Top Down)' value='4.0'/>
            <attr name='DA-Time (Top Down)' value='4.0'/>
            <attr name='Task Size Units' value='JSPX'/>
            <attr name='Time Per Person' value='4.0'/>
            <attr name='workflowSourceIDs' value='6849896'/>
            <attr name='Modified-LOC (Top Down)' value='1.0'/>
            <attr name='Workflow Rate' value='1.0'/>
          </wbsNode>
        <wbsNode name='OSB Front' id='14645703' type='PSP Task' indentLevel='3'>
          <attr name='Time (Top Down)' value='4.0'/>
          <attr name='Task Size Units' value='Transf'/>
          <attr name='Time Per Person' value='4.0'/>
          <attr name='PC-Time (Top Down)' value='4.0'/>
          <attr name='IE-Time (Top Down)' value='0.0'/>
          <attr name='workflowSourceIDs' value='6849897'/>
          <attr name='Modified-LOC (Top Down)' value='1.0'/>
          <attr name='Workflow Rate' value='1.0'/>
        </wbsNode>
        <wbsNode name='BAM-Entidad' id='14645705' type='PSP Task' indentLevel='3'>
          <attr name='Time (Top Down)' value='2.0'/>
          <attr name='Added-LOC (Top Down)' value='2.0'/>
          <attr name='Task Size Units' value='entidad'/>
          <attr name='Time Per Person' value='2.0'/>
          <attr name='PC-Time (Top Down)' value='0.0'/>
          <attr name='workflowSourceIDs' value='6849899'/>
          <attr name='FF-Time (Top Down)' value='2.0'/>
          <attr name='Workflow Rate' value='1.0'/>
        </wbsNode>
        <wbsNode name='BAM- KPI' id='14645706' type='PSP Task' indentLevel='3'>
          <attr name='Time (Top Down)' value='4.0'/>
          <attr name='Added-LOC (Top Down)' value='2.0'/>
          <attr name='Task Size Units' value='KPI'/>
          <attr name='Time Per Person' value='4.0'/>
          <attr name='PC-Time (Top Down)' value='4.0'/>
          <attr name='workflowSourceIDs' value='6849900'/>
          <attr name='Workflow Rate' value='1.0'/>
        </wbsNode>
        <wbsNode name='OSB Back' id='14645708' type='PSP Task' indentLevel='3'>
          <attr name='Time (Top Down)' value='20.0'/>
          <attr name='Added-LOC (Top Down)' value='1.0'/>
          <attr name='Task Size Units' value='Transf'/>
          <attr name='Time Per Person' value='20.0'/>
          <attr name='PC-Time (Top Down)' value='0.0'/>
          <attr name='IE-Time (Top Down)' value='20.0'/>
          <attr name='workflowSourceIDs' value='6849902'/>
          <attr name='Modified-LOC (Top Down)' value='4.0'/>
          <attr name='Workflow Rate' value='1.0'/>
        </wbsNode>
        <wbsNode name='Aplicaciones' id='14645709' type='PSP Task' indentLevel='3'>
          <attr name='Time (Top Down)' value='12.0'/>
          <attr name='Added-LOC (Top Down)' value='120.0'/>
          <attr name='Time Per Person' value='12.0'/>
          <attr name='FF-Time (Top Down)' value='12.0'/>
          <attr name='workflowSourceIDs' value='6849903'/>
          <attr name='Workflow Rate' value='1.0'/>
        </wbsNode>
        <wbsNode name='Base de datos-Atributos' id='14645710' type='PSP Task' indentLevel='3'>
          <attr name='GM-Time (Top Down)' value='3.0'/>
          <attr name='Time (Top Down)' value='3.0'/>
          <attr name='Added-LOC (Top Down)' value='2.0'/>
          <attr name='Task Size Units' value='Atributos'/>
          <attr name='Time Per Person' value='3.0'/>
          <attr name='workflowSourceIDs' value='6849904'/>
          <attr name='Workflow Rate' value='1.0'/>
        </wbsNode>
      <wbsNode name='P7: Crear campañas enfocadas a clientes con baja actividad.' id='14645572' type='Component' indentLevel='2'>
        <attr name='workflowSourceIDs' value='6849884'/>
      </wbsNode>
        <wbsNode name='Planning' id='14645806' type='Planning Task' indentLevel='3'>
          <attr name='GM-Time (Top Down)' value='0.0'/>
          <attr name='Time (Top Down)' value='2.0'/>
          <attr name='DA-Time (Top Down)' value='1.0'/>
          <attr name='Task Size Units' value='Req Pages '/>
          <attr name='Time Per Person' value='1.0'/>
          <attr name='IE-Time (Top Down)' value='0.0'/>
          <attr name='FF-Time (Top Down)' value='1.0'/>
          <attr name='Misc Size' value='2.0'/>
        </wbsNode>
        <wbsNode name='Portal' id='14645712' type='Component' indentLevel='3'>
          <attr name='workflowSourceIDs' value='6849906'/>
        </wbsNode>
          <wbsNode name='Portlet' id='14645713' type='PSP Task' indentLevel='4'>
            <attr name='Time (Top Down)' value='2.0'/>
            <attr name='DA-Time (Top Down)' value='2.0'/>
            <attr name='Task Size Units' value='Portlet'/>
            <attr name='Time Per Person' value='2.0'/>
            <attr name='workflowSourceIDs' value='6849893'/>
            <attr name='Misc Size' value='0.0'/>
            <attr name='Modified-LOC (Top Down)' value='1.0'/>
            <attr name='Workflow Rate' value='1.0'/>
          </wbsNode>
          <wbsNode name='Bean Session' id='14645714' type='PSP Task' indentLevel='4'>
            <attr name='Time (Top Down)' value='2.0'/>
            <attr name='DA-Time (Top Down)' value='2.0'/>
            <attr name='Task Size Units' value='Bean'/>
            <attr name='Time Per Person' value='2.0'/>
            <attr name='workflowSourceIDs' value='6849894'/>
            <attr name='Misc Size' value='0.0'/>
            <attr name='Modified-LOC (Top Down)' value='1.0'/>
            <attr name='Workflow Rate' value='1.0'/>
          </wbsNode>
          <wbsNode name='Proxy' id='14645715' type='PSP Task' indentLevel='4'>
            <attr name='Time (Top Down)' value='1.5'/>
            <attr name='DA-Time (Top Down)' value='1.5'/>
            <attr name='Task Size Units' value='Proxy'/>
            <attr name='Time Per Person' value='1.5'/>
            <attr name='workflowSourceIDs' value='6849895'/>
            <attr name='Misc Size' value='0.0'/>
            <attr name='Modified-LOC (Top Down)' value='1.0'/>
            <attr name='Workflow Rate' value='1.0'/>
          </wbsNode>
          <wbsNode name='JSPX' id='14645716' type='PSP Task' indentLevel='4'>
            <attr name='Time (Top Down)' value='3.0'/>
            <attr name='DA-Time (Top Down)' value='3.0'/>
            <attr name='Task Size Units' value='JSPX'/>
            <attr name='Time Per Person' value='3.0'/>
            <attr name='workflowSourceIDs' value='6849896'/>
            <attr name='Misc Size' value='0.0'/>
            <attr name='Modified-LOC (Top Down)' value='1.0'/>
            <attr name='Workflow Rate' value='1.0'/>
          </wbsNode>
        <wbsNode name='OSB Front' id='14645717' type='PSP Task' indentLevel='3'>
          <attr name='Time (Top Down)' value='6.0'/>
          <attr name='Task Size Units' value='Transf'/>
          <attr name='Time Per Person' value='6.0'/>
          <attr name='PC-Time (Top Down)' value='6.0'/>
          <attr name='IE-Time (Top Down)' value='0.0'/>
          <attr name='workflowSourceIDs' value='6849897'/>
          <attr name='Modified-LOC (Top Down)' value='1.0'/>
          <attr name='Workflow Rate' value='1.0'/>
        </wbsNode>
        <wbsNode name='BPEL' id='14645718' type='PSP Task' indentLevel='3'>
          <attr name='Time (Top Down)' value='2.0'/>
          <attr name='CR-Time (Synced)' value='2.0'/>
          <attr name='Added-LOC (Top Down)' value='16.0'/>
          <attr name='Task Size Units' value='Bloque'/>
          <attr name='Time Per Person' value='2.0'/>
          <attr name='workflowSourceIDs' value='6849898'/>
          <attr name='Workflow Rate' value='1.0'/>
          <attr name='CR-Time (Top Down)' value='2.0'/>
        </wbsNode>
        <wbsNode name='CRM-Relacion' id='14645721' type='PSP Task' indentLevel='3'>
          <attr name='GM-Time (Top Down)' value='0.0'/>
          <attr name='Time (Top Down)' value='7.5'/>
          <attr name='Added-LOC (Top Down)' value='3.0'/>
          <attr name='Time Per Person' value='7.5'/>
          <attr name='PC-Time (Top Down)' value='0.0'/>
          <attr name='IE-Time (Top Down)' value='7.5'/>
          <attr name='workflowSourceIDs' value='6849901'/>
          <attr name='Workflow Rate' value='1.0'/>
        </wbsNode>
        <wbsNode name='CRM-Atributos' id='14645726' type='PSP Task' indentLevel='3'>
          <attr name='GM-Time (Top Down)' value='10.0'/>
          <attr name='Time (Top Down)' value='10.0'/>
          <attr name='Reused-LOC (Top Down)' value='0.0'/>
          <attr name='Added-LOC (Top Down)' value='40.0'/>
          <attr name='Time Per Person' value='10.0'/>
          <attr name='PC-Time (Top Down)' value='0.0'/>
          <attr name='IE-Time (Top Down)' value='0.0'/>
          <attr name='Modified-LOC (Top Down)' value='60.0'/>
          <attr name='CR-Time (Top Down)' value='0.0'/>
        </wbsNode>
        <wbsNode name='OSB Back' id='14645722' type='PSP Task' indentLevel='3'>
          <attr name='Time (Top Down)' value='6.0'/>
          <attr name='Added-LOC (Top Down)' value='1.0'/>
          <attr name='Task Size Units' value='Transf'/>
          <attr name='Time Per Person' value='6.0'/>
          <attr name='PC-Time (Top Down)' value='0.0'/>
          <attr name='IE-Time (Top Down)' value='6.0'/>
          <attr name='workflowSourceIDs' value='6849902'/>
          <attr name='Workflow Rate' value='1.0'/>
        </wbsNode>
        <wbsNode name='Aplicaciones' id='14645723' type='PSP Task' indentLevel='3'>
          <attr name='GM-Time (Top Down)' value='4.0'/>
          <attr name='Time (Top Down)' value='8.0'/>
          <attr name='Reused-LOC (Top Down)' value='0.0'/>
          <attr name='Added-LOC (Top Down)' value='120.0'/>
          <attr name='DA-Time (Top Down)' value='0.0'/>
          <attr name='Time Per Person' value='4.0'/>
          <attr name='FF-Time (Top Down)' value='4.0'/>
          <attr name='workflowSourceIDs' value='6849903'/>
          <attr name='Workflow Rate' value='1.0'/>
        </wbsNode>
        <wbsNode name='Base de datos-Atributos' id='14645724' type='PSP Task' indentLevel='3'>
          <attr name='GM-Time (Top Down)' value='1.5'/>
          <attr name='Time (Top Down)' value='1.5'/>
          <attr name='Reused-LOC (Top Down)' value='0.0'/>
          <attr name='Added-LOC (Top Down)' value='2.0'/>
          <attr name='Task Size Units' value='Atributos'/>
          <attr name='Time Per Person' value='1.5'/>
          <attr name='IE-Time (Top Down)' value='0.0'/>
          <attr name='workflowSourceIDs' value='6849904'/>
          <attr name='Workflow Rate' value='1.0'/>
        </wbsNode>
      <wbsNode name='P8: Integrar el subproceso de confirmar transacción' id='14645573' type='Component' indentLevel='2'>
        <attr name='workflowSourceIDs' value='6849884'/>
      </wbsNode>
        <wbsNode name='Planning' id='14645807' type='Planning Task' indentLevel='3'>
          <attr name='Time (Top Down)' value='2.0'/>
          <attr name='Task Size Units' value='Req Pages '/>
          <attr name='Time Per Person' value='1.0'/>
          <attr name='PC-Time (Top Down)' value='1.0'/>
          <attr name='Misc Size' value='2.0'/>
          <attr name='CR-Time (Top Down)' value='1.0'/>
        </wbsNode>
        <wbsNode name='BPEL' id='14645733' type='PSP Task' indentLevel='3'>
          <attr name='GM-Time (Top Down)' value='16.0'/>
          <attr name='Time (Top Down)' value='52.0'/>
          <attr name='Reused-LOC (Top Down)' value='128.0'/>
          <attr name='CR-Time (Synced)' value='20.0'/>
          <attr name='DA-Time (Top Down)' value='0.0'/>
          <attr name='# People' value='2.0'/>
          <attr name='Task Size Units' value='Bloque'/>
          <attr name='Time Per Person' value='16.0'/>
          <attr name='PC-Time (Top Down)' value='16.0'/>
          <attr name='workflowSourceIDs' value='6849898'/>
          <attr name='Modified-LOC (Top Down)' value='128.0'/>
          <attr name='Workflow Rate' value='1.0'/>
          <attr name='CR-Time (Top Down)' value='20.0'/>
        </wbsNode>
        <wbsNode name='OSB Back' id='14645737' type='PSP Task' indentLevel='3'>
          <attr name='Time (Top Down)' value='12.0'/>
          <attr name='Reused-LOC (Top Down)' value='2.0'/>
          <attr name='Added-LOC (Top Down)' value='1.0'/>
          <attr name='Task Size Units' value='Transf'/>
          <attr name='Time Per Person' value='6.0'/>
          <attr name='PC-Time (Top Down)' value='6.0'/>
          <attr name='IE-Time (Top Down)' value='6.0'/>
          <attr name='workflowSourceIDs' value='6849902'/>
          <attr name='Modified-LOC (Top Down)' value='2.0'/>
          <attr name='Workflow Rate' value='1.0'/>
        </wbsNode>
        <wbsNode name='Aplicaciones' id='14645738' type='PSP Task' indentLevel='3'>
          <attr name='Time (Top Down)' value='19.5'/>
          <attr name='Reused-LOC (Top Down)' value='0.0'/>
          <attr name='Added-LOC (Top Down)' value='200.0'/>
          <attr name='Time Per Person' value='19.5'/>
          <attr name='workflowSourceIDs' value='6849903'/>
          <attr name='FF-Time (Top Down)' value='19.5'/>
          <attr name='Workflow Rate' value='1.0'/>
        </wbsNode>
        <wbsNode name='Base de datos-Atributos' id='14645739' type='PSP Task' indentLevel='3'>
          <attr name='GM-Time (Top Down)' value='2.0'/>
          <attr name='Time (Top Down)' value='2.0'/>
          <attr name='Reused-LOC (Top Down)' value='0.0'/>
          <attr name='Added-LOC (Top Down)' value='2.0'/>
          <attr name='Task Size Units' value='Atributos'/>
          <attr name='Time Per Person' value='2.0'/>
          <attr name='workflowSourceIDs' value='6849904'/>
          <attr name='Workflow Rate' value='1.0'/>
        </wbsNode>
      <wbsNode name='Integracion de estrategia' id='14645799' type='PSP Task' indentLevel='2'>
        <attr name='GM-Time (Top Down)' value='5.0'/>
        <attr name='Time (Top Down)' value='30.0'/>
        <attr name='DA-Time (Top Down)' value='5.0'/>
        <attr name='Time Per Person' value='5.0'/>
        <attr name='PC-Time (Top Down)' value='5.0'/>
        <attr name='IE-Time (Top Down)' value='5.0'/>
        <attr name='FF-Time (Top Down)' value='5.0'/>
        <attr name='CR-Time (Top Down)' value='5.0'/>
      </wbsNode>
    <wbsNode name='Ciclo3' id='14645831' type='Component' indentLevel='1' expanded='true'/>
      <wbsNode name='Lanzamiento' id='14645809' type='Component' indentLevel='2'>
        <attr name='Milestone' value='15036108'/>
      </wbsNode>
          <wbsNode name='Asignar roles y tareas' id='14645816' type='Planning Task' indentLevel='4'>
            <attr name='GM-Time (Top Down)' value='0.3'/>
            <attr name='Time (Top Down)' value='1.8'/>
            <attr name='DA-Time (Top Down)' value='0.3'/>
            <attr name='Task Size Units' value='HLD Pages'/>
            <attr name='Time Per Person' value='0.3'/>
            <attr name='PC-Time (Top Down)' value='0.3'/>
            <attr name='IE-Time (Top Down)' value='0.3'/>
            <attr name='FF-Time (Top Down)' value='0.3'/>
            <attr name='CR-Time (Top Down)' value='0.3'/>
          </wbsNode>
          <wbsNode name='Metas del producto' id='14645817' type='Planning Task' indentLevel='4'>
            <attr name='Time (Top Down)' value='1.0'/>
            <attr name='Task Size Units' value='HLD Pages'/>
            <attr name='Time Per Person' value='0.5'/>
            <attr name='IE-Time (Top Down)' value='0.5'/>
            <attr name='CR-Time (Top Down)' value='0.5'/>
          </wbsNode>
          <wbsNode name='Plan de calidad' id='14645818' type='Planning Task' indentLevel='4'>
            <attr name='Time (Top Down)' value='0.5'/>
            <attr name='DA-Time (Top Down)' value='0.5'/>
            <attr name='Task Size Units' value='HLD Pages'/>
            <attr name='Time Per Person' value='0.5'/>
          </wbsNode>
          <wbsNode name='Plan de riesgos' id='14645819' type='Planning Task' indentLevel='4'>
            <attr name='GM-Time (Top Down)' value='0.5'/>
            <attr name='Time (Top Down)' value='0.5'/>
            <attr name='Task Size Units' value='HLD Pages'/>
            <attr name='Time Per Person' value='0.5'/>
          </wbsNode>
          <wbsNode name='Plan de desarrollo' id='14645820' type='Planning Task' indentLevel='4'>
            <attr name='Time (Top Down)' value='0.5'/>
            <attr name='Task Size Units' value='HLD Pages'/>
            <attr name='Time Per Person' value='0.5'/>
            <attr name='PC-Time (Top Down)' value='0.5'/>
          </wbsNode>
          <wbsNode name='Plan de pruebas' id='14645821' type='Planning Task' indentLevel='4'>
            <attr name='Time (Top Down)' value='0.5'/>
            <attr name='Task Size Units' value='HLD Pages'/>
            <attr name='Time Per Person' value='0.5'/>
            <attr name='FF-Time (Top Down)' value='0.5'/>
          </wbsNode>
          <wbsNode name='PDT' id='14645822' type='Planning Task' indentLevel='4'>
            <attr name='Time (Top Down)' value='0.6'/>
            <attr name='Task Size Units' value='HLD Pages'/>
            <attr name='Time Per Person' value='0.3'/>
            <attr name='IE-Time (Top Down)' value='0.3'/>
            <attr name='CR-Time (Top Down)' value='0.3'/>
          </wbsNode>
      <wbsNode name='Proceso' id='14645823' type='Component' indentLevel='2'>
        <attr name='Milestone' value='15036108'/>
      </wbsNode>
        <wbsNode name='Seguimiento(1)' id='14645810' type='Documentation Task' indentLevel='3'>
          <attr name='GM-Time (Top Down)' value='1.5'/>
          <attr name='Time (Top Down)' value='9.0'/>
          <attr name='DA-Time (Top Down)' value='1.5'/>
          <attr name='Time Per Person' value='1.5'/>
          <attr name='PC-Time (Top Down)' value='1.5'/>
          <attr name='IE-Time (Top Down)' value='1.5'/>
          <attr name='FF-Time (Top Down)' value='1.5'/>
          <attr name='CR-Time (Top Down)' value='1.5'/>
        </wbsNode>
        <wbsNode name='Seguimiento(2)' id='14645811' type='Documentation Task' indentLevel='3'>
          <attr name='GM-Time (Top Down)' value='1.5'/>
          <attr name='Time (Top Down)' value='9.0'/>
          <attr name='DA-Time (Top Down)' value='1.5'/>
          <attr name='Time Per Person' value='1.5'/>
          <attr name='PC-Time (Top Down)' value='1.5'/>
          <attr name='IE-Time (Top Down)' value='1.5'/>
          <attr name='FF-Time (Top Down)' value='1.5'/>
          <attr name='CR-Time (Top Down)' value='1.5'/>
        </wbsNode>
        <wbsNode name='Seguimiento(3)' id='14645812' type='Documentation Task' indentLevel='3'>
          <attr name='GM-Time (Top Down)' value='1.5'/>
          <attr name='Time (Top Down)' value='9.0'/>
          <attr name='DA-Time (Top Down)' value='1.5'/>
          <attr name='Time Per Person' value='1.5'/>
          <attr name='PC-Time (Top Down)' value='1.5'/>
          <attr name='IE-Time (Top Down)' value='1.5'/>
          <attr name='FF-Time (Top Down)' value='1.5'/>
          <attr name='CR-Time (Top Down)' value='1.5'/>
        </wbsNode>
        <wbsNode name='Seguimiento(4)' id='14645813' type='Documentation Task' indentLevel='3'>
          <attr name='GM-Time (Top Down)' value='1.5'/>
          <attr name='Time (Top Down)' value='9.0'/>
          <attr name='DA-Time (Top Down)' value='1.5'/>
          <attr name='Time Per Person' value='1.5'/>
          <attr name='PC-Time (Top Down)' value='1.5'/>
          <attr name='IE-Time (Top Down)' value='1.5'/>
          <attr name='FF-Time (Top Down)' value='1.5'/>
          <attr name='CR-Time (Top Down)' value='1.5'/>
        </wbsNode>
        <wbsNode name='Seguimiento(5)' id='14645814' type='Documentation Task' indentLevel='3'>
          <attr name='GM-Time (Top Down)' value='1.5'/>
          <attr name='Time (Top Down)' value='9.0'/>
          <attr name='DA-Time (Top Down)' value='1.5'/>
          <attr name='Time Per Person' value='1.5'/>
          <attr name='PC-Time (Top Down)' value='1.5'/>
          <attr name='IE-Time (Top Down)' value='1.5'/>
          <attr name='FF-Time (Top Down)' value='1.5'/>
          <attr name='CR-Time (Top Down)' value='1.5'/>
        </wbsNode>
      <wbsNode name='P11: Reputacion' id='14645564' type='Component' indentLevel='2' expanded='true'>
        <attr name='Milestone' value='15036108'/>
      </wbsNode>
          <wbsNode name='Portal' id='14645770' type='Component' indentLevel='4'>
            <attr name='workflowSourceIDs' value='6849906'/>
          </wbsNode>
            <wbsNode name='Portlet' id='14645771' type='PSP Task' indentLevel='5'>
              <attr name='GM-Time (Top Down)' value='0.0'/>
              <attr name='Time (Top Down)' value='5.555555555555555'/>
              <attr name='DA-Time (Top Down)' value='0.0'/>
              <attr name='Task Size Units' value='Portlet'/>
              <attr name='Time Per Person' value='5.555555555555555'/>
              <attr name='PC-Time (Top Down)' value='0.0'/>
              <attr name='workflowSourceIDs' value='6849893'/>
              <attr name='FF-Time (Top Down)' value='5.555555555555555'/>
              <attr name='Rate' value='0.18'/>
              <attr name='Misc Size' value='1.0'/>
              <attr name='Modified-LOC (Top Down)' value='2.0'/>
              <attr name='Workflow Rate' value='1.0'/>
            </wbsNode>
            <wbsNode name='Bean Session' id='14645772' type='PSP Task' indentLevel='5'>
              <attr name='Time (Top Down)' value='1.25'/>
              <attr name='DA-Time (Top Down)' value='0.0'/>
              <attr name='Task Size Units' value='Bean'/>
              <attr name='Time Per Person' value='1.25'/>
              <attr name='IE-Time (Top Down)' value='0.0'/>
              <attr name='workflowSourceIDs' value='6849894'/>
              <attr name='FF-Time (Top Down)' value='1.25'/>
              <attr name='Rate' value='0.8'/>
              <attr name='Misc Size' value='1.0'/>
              <attr name='Modified-LOC (Top Down)' value='2.0'/>
              <attr name='Workflow Rate' value='1.0'/>
            </wbsNode>
            <wbsNode name='Proxy' id='14645773' type='PSP Task' indentLevel='5'>
              <attr name='GM-Time (Top Down)' value='0.0'/>
              <attr name='Time (Top Down)' value='4.545454545454546'/>
              <attr name='DA-Time (Top Down)' value='0.0'/>
              <attr name='Task Size Units' value='Proxy'/>
              <attr name='Time Per Person' value='4.545454545454546'/>
              <attr name='PC-Time (Top Down)' value='0.0'/>
              <attr name='workflowSourceIDs' value='6849895'/>
              <attr name='FF-Time (Top Down)' value='4.545454545454546'/>
              <attr name='Rate' value='0.22'/>
              <attr name='Misc Size' value='1.0'/>
              <attr name='Modified-LOC (Top Down)' value='2.0'/>
              <attr name='Workflow Rate' value='1.0'/>
            </wbsNode>
            <wbsNode name='JSPX' id='14645774' type='PSP Task' indentLevel='5'>
              <attr name='GM-Time (Top Down)' value='0.0'/>
              <attr name='Time (Top Down)' value='0.8'/>
              <attr name='DA-Time (Top Down)' value='0.0'/>
              <attr name='Task Size Units' value='JSPX'/>
              <attr name='Time Per Person' value='0.8'/>
              <attr name='IE-Time (Top Down)' value='0.0'/>
              <attr name='workflowSourceIDs' value='6849896'/>
              <attr name='FF-Time (Top Down)' value='0.8'/>
              <attr name='Rate' value='1.25'/>
              <attr name='Misc Size' value='1.0'/>
              <attr name='Modified-LOC (Top Down)' value='2.0'/>
              <attr name='Workflow Rate' value='1.0'/>
            </wbsNode>
          <wbsNode name='OSB Front' id='14645775' type='PSP Task' indentLevel='4'>
            <attr name='Time (Top Down)' value='0.6666666666666666'/>
            <attr name='Task Size Units' value='Transf'/>
            <attr name='Time Per Person' value='0.6666666666666666'/>
            <attr name='IE-Time (Top Down)' value='0.6666666666666666'/>
            <attr name='workflowSourceIDs' value='6849897'/>
            <attr name='Rate' value='1.5'/>
            <attr name='Misc Size' value='1.0'/>
            <attr name='Modified-LOC (Top Down)' value='1.0'/>
            <attr name='Workflow Rate' value='1.0'/>
          </wbsNode>
          <wbsNode name='BPEL' id='14645776' type='PSP Task' indentLevel='4'>
            <attr name='Time (Top Down)' value='45.0'/>
            <attr name='Added-LOC (Top Down)' value='1.0'/>
            <attr name='Task Size Units' value='Bloque'/>
            <attr name='Time Per Person' value='45.0'/>
            <attr name='workflowSourceIDs' value='6849898'/>
            <attr name='Rate' value='0.4'/>
            <attr name='Misc Size' value='18.0'/>
            <attr name='Modified-LOC (Top Down)' value='24.0'/>
            <attr name='Workflow Rate' value='1.0'/>
            <attr name='CR-Time (Top Down)' value='45.0'/>
          </wbsNode>
          <wbsNode name='BAM' id='14645777' type='PSP Task' indentLevel='4'>
            <attr name='Time (Top Down)' value='1.0'/>
            <attr name='Added-LOC (Top Down)' value='2.0'/>
            <attr name='Task Size Units' value='entidad'/>
            <attr name='Time Per Person' value='1.0'/>
            <attr name='PC-Time (Top Down)' value='1.0'/>
            <attr name='IE-Time (Top Down)' value='0.0'/>
            <attr name='workflowSourceIDs' value='6849899'/>
            <attr name='Rate' value='1.0'/>
            <attr name='Misc Size' value='1.0'/>
            <attr name='Workflow Rate' value='1.0'/>
            <attr name='CR-Time (Top Down)' value='0.0'/>
          </wbsNode>
          <wbsNode name='CRM-SugarCallOut' id='14645779' type='PSP Task' indentLevel='4'>
            <attr name='GM-Time (Top Down)' value='4.0'/>
            <attr name='Time (Top Down)' value='4.0'/>
            <attr name='Added-LOC (Top Down)' value='0.0'/>
            <attr name='Task Size Units' value='Metodo'/>
            <attr name='Time Per Person' value='4.0'/>
            <attr name='workflowSourceIDs' value='6849901'/>
            <attr name='Misc Size' value='1.0'/>
            <attr name='Modified-LOC (Top Down)' value='1.0'/>
            <attr name='Workflow Rate' value='1.0'/>
          </wbsNode>
          <wbsNode name='CRM-DB' id='14645827' type='PSP Task' indentLevel='4'>
            <attr name='GM-Time (Top Down)' value='0.25'/>
            <attr name='Time (Top Down)' value='0.25'/>
            <attr name='Added-LOC (Top Down)' value='1.0'/>
            <attr name='Task Size Units' value='Atributo'/>
            <attr name='Time Per Person' value='0.25'/>
            <attr name='Rate' value='4.0'/>
            <attr name='Misc Size' value='1.0'/>
          </wbsNode>
          <wbsNode name='OSB Back' id='14645780' type='PSP Task' indentLevel='4'>
            <attr name='Time (Top Down)' value='0.6666666666666666'/>
            <attr name='Added-LOC (Top Down)' value='1.0'/>
            <attr name='Task Size Units' value='Transf'/>
            <attr name='Time Per Person' value='0.6666666666666666'/>
            <attr name='IE-Time (Top Down)' value='0.6666666666666666'/>
            <attr name='workflowSourceIDs' value='6849902'/>
            <attr name='Rate' value='1.5'/>
            <attr name='Misc Size' value='1.0'/>
            <attr name='Workflow Rate' value='1.0'/>
          </wbsNode>
          <wbsNode name='Aplicacion Lagado' id='14645781' type='PSP Task' indentLevel='4'>
            <attr name='Time (Top Down)' value='0.11933174224343675'/>
            <attr name='Added-LOC (Top Down)' value='1.0'/>
            <attr name='DA-Time (Top Down)' value='0.0'/>
            <attr name='Time Per Person' value='0.11933174224343675'/>
            <attr name='PC-Time (Top Down)' value='0.0'/>
            <attr name='FF-Time (Top Down)' value='0.11933174224343675'/>
            <attr name='workflowSourceIDs' value='6849903'/>
            <attr name='Rate' value='8.38'/>
            <attr name='Workflow Rate' value='1.0'/>
          </wbsNode>
          <wbsNode name='Integracion' id='14645828' type='PSP Task' indentLevel='4'>
            <attr name='GM-Time (Top Down)' value='2.0'/>
            <attr name='Time (Top Down)' value='12.0'/>
            <attr name='DA-Time (Top Down)' value='2.0'/>
            <attr name='Time Per Person' value='2.0'/>
            <attr name='PC-Time (Top Down)' value='2.0'/>
            <attr name='IE-Time (Top Down)' value='2.0'/>
            <attr name='FF-Time (Top Down)' value='2.0'/>
            <attr name='CR-Time (Top Down)' value='2.0'/>
          </wbsNode>
      <wbsNode name='P9: Crear Combos promocionales' id='14645563' type='Component' indentLevel='2'>
        <attr name='Milestone' value='15036108'/>
      </wbsNode>
        <wbsNode name='Portal' id='14645741' type='Component' indentLevel='3'>
          <attr name='workflowSourceIDs' value='6849906'/>
        </wbsNode>
          <wbsNode name='Portlet' id='14645742' type='PSP Task' indentLevel='4'>
            <attr name='GM-Time (Top Down)' value='0.0'/>
            <attr name='Time (Top Down)' value='5.0'/>
            <attr name='Added-LOC (Top Down)' value='3.0'/>
            <attr name='DA-Time (Top Down)' value='5.0'/>
            <attr name='Task Size Units' value='Portlet'/>
            <attr name='Time Per Person' value='5.0'/>
            <attr name='workflowSourceIDs' value='6849893'/>
            <attr name='FF-Time (Top Down)' value='0.0'/>
            <attr name='Rate' value='0.2'/>
            <attr name='Misc Size' value='1.0'/>
            <attr name='Workflow Rate' value='1.0'/>
          </wbsNode>
          <wbsNode name='Bean Session' id='14645743' type='PSP Task' indentLevel='4'>
            <attr name='GM-Time (Top Down)' value='0.0'/>
            <attr name='Time (Top Down)' value='1.25'/>
            <attr name='Added-LOC (Top Down)' value='2.0'/>
            <attr name='DA-Time (Top Down)' value='1.25'/>
            <attr name='Task Size Units' value='Bean'/>
            <attr name='Time Per Person' value='1.25'/>
            <attr name='workflowSourceIDs' value='6849894'/>
            <attr name='FF-Time (Top Down)' value='0.0'/>
            <attr name='Rate' value='0.8'/>
            <attr name='Misc Size' value='1.0'/>
            <attr name='Workflow Rate' value='1.0'/>
          </wbsNode>
          <wbsNode name='Proxy' id='14645744' type='PSP Task' indentLevel='4'>
            <attr name='GM-Time (Top Down)' value='0.0'/>
            <attr name='Time (Top Down)' value='5.0'/>
            <attr name='Added-LOC (Top Down)' value='1.0'/>
            <attr name='DA-Time (Top Down)' value='5.0'/>
            <attr name='Task Size Units' value='Proxy'/>
            <attr name='Time Per Person' value='5.0'/>
            <attr name='workflowSourceIDs' value='6849895'/>
            <attr name='FF-Time (Top Down)' value='0.0'/>
            <attr name='Rate' value='0.2'/>
            <attr name='Misc Size' value='1.0'/>
            <attr name='Workflow Rate' value='1.0'/>
          </wbsNode>
          <wbsNode name='JSPX' id='14645745' type='PSP Task' indentLevel='4'>
            <attr name='Time (Top Down)' value='0.8333333333333334'/>
            <attr name='Added-LOC (Top Down)' value='2.0'/>
            <attr name='DA-Time (Top Down)' value='0.8333333333333334'/>
            <attr name='Task Size Units' value='JSPX'/>
            <attr name='Time Per Person' value='0.8333333333333334'/>
            <attr name='IE-Time (Top Down)' value='0.0'/>
            <attr name='workflowSourceIDs' value='6849896'/>
            <attr name='FF-Time (Top Down)' value='0.0'/>
            <attr name='Rate' value='1.2'/>
            <attr name='Misc Size' value='1.0'/>
            <attr name='Workflow Rate' value='1.0'/>
          </wbsNode>
        <wbsNode name='OSB Front' id='14645746' type='PSP Task' indentLevel='3'>
          <attr name='Time (Top Down)' value='0.6666666666666666'/>
          <attr name='Added-LOC (Top Down)' value='2.0'/>
          <attr name='Task Size Units' value='Transf'/>
          <attr name='Time Per Person' value='0.6666666666666666'/>
          <attr name='IE-Time (Top Down)' value='0.6666666666666666'/>
          <attr name='workflowSourceIDs' value='6849897'/>
          <attr name='Rate' value='1.5'/>
          <attr name='Misc Size' value='1.0'/>
          <attr name='Workflow Rate' value='1.0'/>
        </wbsNode>
        <wbsNode name='BPEL' id='14645747' type='PSP Task' indentLevel='3'>
          <attr name='GM-Time (Top Down)' value='0.0'/>
          <attr name='Time (Top Down)' value='2.5'/>
          <attr name='Added-LOC (Top Down)' value='104.0'/>
          <attr name='DA-Time (Top Down)' value='0.0'/>
          <attr name='Task Size Units' value='Bloque'/>
          <attr name='Time Per Person' value='2.5'/>
          <attr name='workflowSourceIDs' value='6849898'/>
          <attr name='Rate' value='0.4'/>
          <attr name='Misc Size' value='1.0'/>
          <attr name='Workflow Rate' value='1.0'/>
          <attr name='CR-Time (Top Down)' value='2.5'/>
        </wbsNode>
        <wbsNode name='BAM' id='14645824' type='PSP Task' indentLevel='3'>
          <attr name='Time (Top Down)' value='1.0'/>
          <attr name='Added-LOC (Top Down)' value='1.0'/>
          <attr name='Time Per Person' value='1.0'/>
          <attr name='PC-Time (Top Down)' value='1.0'/>
          <attr name='Rate' value='1.0'/>
        </wbsNode>
        <wbsNode name='CRM-SugarCallout' id='14645755' type='PSP Task' indentLevel='3'>
          <attr name='GM-Time (Top Down)' value='5.0'/>
          <attr name='Time (Top Down)' value='5.0'/>
          <attr name='Added-LOC (Top Down)' value='1.0'/>
          <attr name='Time Per Person' value='5.0'/>
          <attr name='Rate' value='0.2'/>
        </wbsNode>
        <wbsNode name='CRM-DB' id='14645825' type='PSP Task' indentLevel='3'>
          <attr name='GM-Time (Top Down)' value='0.25'/>
          <attr name='Time (Top Down)' value='0.25'/>
          <attr name='Added-LOC (Top Down)' value='1.0'/>
          <attr name='Time Per Person' value='0.25'/>
          <attr name='Rate' value='4.0'/>
        </wbsNode>
        <wbsNode name='OSB Back' id='14645751' type='PSP Task' indentLevel='3'>
          <attr name='Time (Top Down)' value='0.6666666666666666'/>
          <attr name='Added-LOC (Top Down)' value='2.0'/>
          <attr name='Task Size Units' value='Transf'/>
          <attr name='Time Per Person' value='0.6666666666666666'/>
          <attr name='IE-Time (Top Down)' value='0.6666666666666666'/>
          <attr name='workflowSourceIDs' value='6849902'/>
          <attr name='Rate' value='1.5'/>
          <attr name='Misc Size' value='1.0'/>
          <attr name='Workflow Rate' value='1.0'/>
        </wbsNode>
        <wbsNode name='Aplicacion Legado' id='14645826' type='PSP Task' indentLevel='3'>
          <attr name='Time (Top Down)' value='0.11904761904761904'/>
          <attr name='Added-LOC (Top Down)' value='1.0'/>
          <attr name='Time Per Person' value='0.11904761904761904'/>
          <attr name='FF-Time (Top Down)' value='0.11904761904761904'/>
          <attr name='Rate' value='8.4'/>
        </wbsNode>
        <wbsNode name='Integracion' id='14645829' type='PSP Task' indentLevel='3'>
          <attr name='GM-Time (Top Down)' value='2.0'/>
          <attr name='Time (Top Down)' value='12.0'/>
          <attr name='DA-Time (Top Down)' value='2.0'/>
          <attr name='Time Per Person' value='2.0'/>
          <attr name='PC-Time (Top Down)' value='2.0'/>
          <attr name='IE-Time (Top Down)' value='2.0'/>
          <attr name='FF-Time (Top Down)' value='2.0'/>
          <attr name='CR-Time (Top Down)' value='2.0'/>
        </wbsNode>
      <wbsNode name='P10: Comprar combos' id='14645833' type='Component' indentLevel='2'>
        <attr name='Milestone' value='15036108'/>
      </wbsNode>
        <wbsNode name='Portal' id='14645834' type='Component' indentLevel='3'>
          <attr name='workflowSourceIDs' value='6849906'/>
        </wbsNode>
          <wbsNode name='Portlet' id='14645835' type='PSP Task' indentLevel='4'>
            <attr name='GM-Time (Top Down)' value='0.0'/>
            <attr name='Time (Top Down)' value='5.0'/>
            <attr name='Added-LOC (Top Down)' value='3.0'/>
            <attr name='DA-Time (Top Down)' value='5.0'/>
            <attr name='Task Size Units' value='Portlet'/>
            <attr name='Time Per Person' value='5.0'/>
            <attr name='workflowSourceIDs' value='6849893'/>
            <attr name='FF-Time (Top Down)' value='0.0'/>
            <attr name='Rate' value='0.2'/>
            <attr name='Misc Size' value='1.0'/>
            <attr name='Workflow Rate' value='1.0'/>
          </wbsNode>
          <wbsNode name='Bean Session' id='14645836' type='PSP Task' indentLevel='4'>
            <attr name='GM-Time (Top Down)' value='0.0'/>
            <attr name='Time (Top Down)' value='1.25'/>
            <attr name='Added-LOC (Top Down)' value='2.0'/>
            <attr name='DA-Time (Top Down)' value='1.25'/>
            <attr name='Task Size Units' value='Bean'/>
            <attr name='Time Per Person' value='1.25'/>
            <attr name='workflowSourceIDs' value='6849894'/>
            <attr name='FF-Time (Top Down)' value='0.0'/>
            <attr name='Rate' value='0.8'/>
            <attr name='Misc Size' value='1.0'/>
            <attr name='Workflow Rate' value='1.0'/>
          </wbsNode>
          <wbsNode name='Proxy' id='14645837' type='PSP Task' indentLevel='4'>
            <attr name='GM-Time (Top Down)' value='0.0'/>
            <attr name='Time (Top Down)' value='5.0'/>
            <attr name='Added-LOC (Top Down)' value='1.0'/>
            <attr name='DA-Time (Top Down)' value='5.0'/>
            <attr name='Task Size Units' value='Proxy'/>
            <attr name='Time Per Person' value='5.0'/>
            <attr name='workflowSourceIDs' value='6849895'/>
            <attr name='FF-Time (Top Down)' value='0.0'/>
            <attr name='Rate' value='0.2'/>
            <attr name='Misc Size' value='1.0'/>
            <attr name='Workflow Rate' value='1.0'/>
          </wbsNode>
          <wbsNode name='JSPX' id='14645838' type='PSP Task' indentLevel='4'>
            <attr name='Time (Top Down)' value='0.8333333333333334'/>
            <attr name='Added-LOC (Top Down)' value='2.0'/>
            <attr name='DA-Time (Top Down)' value='0.8333333333333334'/>
            <attr name='Task Size Units' value='JSPX'/>
            <attr name='Time Per Person' value='0.8333333333333334'/>
            <attr name='IE-Time (Top Down)' value='0.0'/>
            <attr name='workflowSourceIDs' value='6849896'/>
            <attr name='FF-Time (Top Down)' value='0.0'/>
            <attr name='Rate' value='1.2'/>
            <attr name='Misc Size' value='1.0'/>
            <attr name='Workflow Rate' value='1.0'/>
          </wbsNode>
        <wbsNode name='OSB Front' id='14645839' type='PSP Task' indentLevel='3'>
          <attr name='Time (Top Down)' value='0.6666666666666666'/>
          <attr name='Added-LOC (Top Down)' value='2.0'/>
          <attr name='Task Size Units' value='Transf'/>
          <attr name='Time Per Person' value='0.6666666666666666'/>
          <attr name='IE-Time (Top Down)' value='0.6666666666666666'/>
          <attr name='workflowSourceIDs' value='6849897'/>
          <attr name='Rate' value='1.5'/>
          <attr name='Misc Size' value='1.0'/>
          <attr name='Workflow Rate' value='1.0'/>
        </wbsNode>
        <wbsNode name='BPEL' id='14645840' type='PSP Task' indentLevel='3'>
          <attr name='GM-Time (Top Down)' value='0.0'/>
          <attr name='Time (Top Down)' value='2.5'/>
          <attr name='Added-LOC (Top Down)' value='104.0'/>
          <attr name='DA-Time (Top Down)' value='0.0'/>
          <attr name='Task Size Units' value='Bloque'/>
          <attr name='Time Per Person' value='2.5'/>
          <attr name='workflowSourceIDs' value='6849898'/>
          <attr name='Rate' value='0.4'/>
          <attr name='Misc Size' value='1.0'/>
          <attr name='Workflow Rate' value='1.0'/>
          <attr name='CR-Time (Top Down)' value='2.5'/>
        </wbsNode>
        <wbsNode name='BAM' id='14645841' type='PSP Task' indentLevel='3'>
          <attr name='Time (Top Down)' value='1.0'/>
          <attr name='Added-LOC (Top Down)' value='1.0'/>
          <attr name='Time Per Person' value='1.0'/>
          <attr name='PC-Time (Top Down)' value='1.0'/>
          <attr name='Rate' value='1.0'/>
        </wbsNode>
        <wbsNode name='CRM-SugarCallout' id='14645842' type='PSP Task' indentLevel='3'>
          <attr name='GM-Time (Top Down)' value='5.0'/>
          <attr name='Time (Top Down)' value='5.0'/>
          <attr name='Added-LOC (Top Down)' value='1.0'/>
          <attr name='Time Per Person' value='5.0'/>
          <attr name='Rate' value='0.2'/>
        </wbsNode>
        <wbsNode name='CRM-DB' id='14645843' type='PSP Task' indentLevel='3'>
          <attr name='GM-Time (Top Down)' value='0.25'/>
          <attr name='Time (Top Down)' value='0.25'/>
          <attr name='Added-LOC (Top Down)' value='1.0'/>
          <attr name='Time Per Person' value='0.25'/>
          <attr name='Rate' value='4.0'/>
        </wbsNode>
        <wbsNode name='OSB Back' id='14645844' type='PSP Task' indentLevel='3'>
          <attr name='Time (Top Down)' value='0.6666666666666666'/>
          <attr name='Added-LOC (Top Down)' value='2.0'/>
          <attr name='Task Size Units' value='Transf'/>
          <attr name='Time Per Person' value='0.6666666666666666'/>
          <attr name='IE-Time (Top Down)' value='0.6666666666666666'/>
          <attr name='workflowSourceIDs' value='6849902'/>
          <attr name='Rate' value='1.5'/>
          <attr name='Misc Size' value='1.0'/>
          <attr name='Workflow Rate' value='1.0'/>
        </wbsNode>
        <wbsNode name='Aplicacion Legado' id='14645845' type='PSP Task' indentLevel='3'>
          <attr name='Time (Top Down)' value='0.11904761904761904'/>
          <attr name='Added-LOC (Top Down)' value='1.0'/>
          <attr name='Time Per Person' value='0.11904761904761904'/>
          <attr name='FF-Time (Top Down)' value='0.11904761904761904'/>
          <attr name='Rate' value='8.4'/>
        </wbsNode>
        <wbsNode name='Integracion' id='14645846' type='PSP Task' indentLevel='3'>
          <attr name='GM-Time (Top Down)' value='2.0'/>
          <attr name='Time (Top Down)' value='12.0'/>
          <attr name='DA-Time (Top Down)' value='2.0'/>
          <attr name='Time Per Person' value='2.0'/>
          <attr name='PC-Time (Top Down)' value='2.0'/>
          <attr name='IE-Time (Top Down)' value='2.0'/>
          <attr name='FF-Time (Top Down)' value='2.0'/>
          <attr name='CR-Time (Top Down)' value='2.0'/>
        </wbsNode>
      <wbsNode name='IntegracionFinal' id='14645784' type='Component' indentLevel='2'>
        <attr name='Milestone' value='15036108'/>
      </wbsNode>
        <wbsNode name='Informe' id='14645786' type='Postmortem Task' indentLevel='3'>
          <attr name='GM-Time (Top Down)' value='2.0'/>
          <attr name='Time (Top Down)' value='12.0'/>
          <attr name='DA-Time (Top Down)' value='2.0'/>
          <attr name='Task Size Units' value='Req Pages '/>
          <attr name='Time Per Person' value='2.0'/>
          <attr name='PC-Time (Top Down)' value='2.0'/>
          <attr name='IE-Time (Top Down)' value='2.0'/>
          <attr name='FF-Time (Top Down)' value='2.0'/>
          <attr name='Misc Size' value='40.0'/>
          <attr name='CR-Time (Top Down)' value='2.0'/>
        </wbsNode>
        <wbsNode name='Pruebas SAT' id='14645830' type='PSP Task' indentLevel='3'>
          <attr name='GM-Time (Top Down)' value='2.0'/>
          <attr name='Time (Top Down)' value='12.0'/>
          <attr name='DA-Time (Top Down)' value='2.0'/>
          <attr name='Time Per Person' value='2.0'/>
          <attr name='PC-Time (Top Down)' value='2.0'/>
          <attr name='IE-Time (Top Down)' value='2.0'/>
          <attr name='FF-Time (Top Down)' value='2.0'/>
          <attr name='CR-Time (Top Down)' value='2.0'/>
        </wbsNode>
</wbsModel>
