<?xml version='1.0' encoding='UTF-8' ?>
<timeLogEntries>
  <time id="1" path="/Proyecto/Proyecto3FF/Manteniemiento del sistema" start="@1407716593000" delta="60" interrupt="23" />
  <time id="2" path="/Proyecto/Proyecto3FF/Manteniemiento del sistema" start="@1408062225000" delta="120" interrupt="45" />
  <time id="3" path="/Proyecto/Proyecto3FF/Manteniemiento del sistema" start="@1408148652000" delta="120" interrupt="12" />
  <time id="4" path="/Proyecto/Proyecto3FF/Manteniemiento del sistema" start="@1409444683000" delta="90" />
  <time id="7" path="/Proyecto/Proyecto3FF/Encuestas/P4: Implementación de políticas para creación de encuestas de satisfacción a las campañas de MPLA/Base de datos/Planning" start="@1407025579000" delta="40" interrupt="15" />
  <time id="8" path="/Proyecto/Proyecto3FF/Encuestas/P4: Implementación de políticas para creación de encuestas de satisfacción a las campañas de MPLA/Base de datos/Design" start="@1407371213000" delta="120" interrupt="22" />
  <time id="9" path="/Proyecto/Proyecto3FF/Encuestas/P4: Implementación de políticas para creación de encuestas de satisfacción a las campañas de MPLA/Base de datos/Design" start="@1407544014000" delta="60" interrupt="50" />
  <time id="10" path="/Proyecto/Proyecto3FF/Encuestas/P4: Implementación de políticas para creación de encuestas de satisfacción a las campañas de MPLA/Base de datos/Design" start="@1407630414000" delta="75" />
  <time id="11" path="/Proyecto/Proyecto3FF/Encuestas/P4: Implementación de políticas para creación de encuestas de satisfacción a las campañas de MPLA/Base de datos/Design Review" start="@1407630650000" delta="75" interrupt="30" />
  <time id="12" path="/Proyecto/Proyecto3FF/Encuestas/P4: Implementación de políticas para creación de encuestas de satisfacción a las campañas de MPLA/Base de datos/Design Review" start="@1407717050000" delta="50" interrupt="25" />
  <time id="13" path="/Proyecto/Proyecto3FF/Encuestas/P4: Implementación de políticas para creación de encuestas de satisfacción a las campañas de MPLA/Base de datos/Code" start="@1407803545000" delta="90" interrupt="5" />
  <time id="14" path="/Proyecto/Proyecto3FF/Encuestas/P4: Implementación de políticas para creación de encuestas de satisfacción a las campañas de MPLA/Base de datos/Code" start="@1408062745000" delta="120" interrupt="50" />
  <time id="15" path="/Proyecto/Proyecto3FF/Encuestas/P4: Implementación de políticas para creación de encuestas de satisfacción a las campañas de MPLA/Base de datos/Code" start="@1408149146000" delta="75" interrupt="20" />
  <time id="16" path="/Proyecto/Proyecto3FF/Encuestas/P4: Implementación de políticas para creación de encuestas de satisfacción a las campañas de MPLA/Base de datos/Code" start="@1408235546000" delta="50" interrupt="4" />
  <time id="17" path="/Proyecto/Proyecto3FF/Encuestas/P4: Implementación de políticas para creación de encuestas de satisfacción a las campañas de MPLA/Base de datos/Code Review" start="@1408322052000" delta="75" />
  <time id="18" path="/Proyecto/Proyecto3FF/Encuestas/P4: Implementación de políticas para creación de encuestas de satisfacción a las campañas de MPLA/Base de datos/Compile" start="@1408322093000" delta="30" />
  <time id="19" path="/Proyecto/Proyecto3FF/Encuestas/P4: Implementación de políticas para creación de encuestas de satisfacción a las campañas de MPLA/Base de datos/Test" start="@1408322114000" delta="105" interrupt="38" />
  <time id="20" path="/Proyecto/Proyecto3FF/Encuestas/P4: Implementación de políticas para creación de encuestas de satisfacción a las campañas de MPLA/Base de datos/Test" start="@1408408514000" delta="105" interrupt="5" />
  <time id="21" path="/Proyecto/Proyecto3FF/Encuestas/P4: Implementación de políticas para creación de encuestas de satisfacción a las campañas de MPLA/Base de datos/Postmortem" start="@1409445434000" delta="30" />
  <time id="22" path="/Proyecto/Proyecto3FF/Encuestas/P4: Implementación de políticas para creación de encuestas de satisfacción a las campañas de MPLA/Base de datos/Postmortem" start="@1409531854000" delta="15" />
  <time id="23" path="/Proyecto/Proyecto3FF/Encuestas/Integracion/Planning" start="@1408581607000" delta="20" />
  <time id="24" path="/Proyecto/Proyecto3FF/Encuestas/Integracion/Design" start="@1408668025000" delta="45" interrupt="6" />
  <time id="25" path="/Proyecto/Proyecto3FF/Encuestas/Integracion/Design" start="@1408754425000" delta="50" interrupt="15" />
  <time id="26" path="/Proyecto/Proyecto3FF/Encuestas/Integracion/Design Review" start="@1408840913000" delta="10" />
  <time id="27" path="/Proyecto/Proyecto3FF/Encuestas/Integracion/Code" start="@1408840942000" delta="70" />
  <time id="28" path="/Proyecto/Proyecto3FF/Encuestas/Integracion/Code" start="@1408840942000" delta="60" interrupt="15" />
  <time id="29" path="/Proyecto/Proyecto3FF/Encuestas/Integracion/Code" start="@1408927343000" delta="65" interrupt="23" />
  <time id="30" path="/Proyecto/Proyecto3FF/Encuestas/Integracion/Code Review" start="@1408927417000" delta="10" interrupt="10" />
  <time id="31" path="/Proyecto/Proyecto3FF/Encuestas/Integracion/Compile" start="@1408927452000" delta="10" />
  <time id="32" path="/Proyecto/Proyecto3FF/Encuestas/Integracion/Test" start="@1408927499000" delta="75" />
  <time id="33" path="/Proyecto/Proyecto3FF/Encuestas/Integracion/Test" start="@1409013899000" delta="95" interrupt="35" />
  <time id="34" path="/Proyecto/Proyecto3FF/Encuestas/Integracion/Postmortem" start="@1409532345000" delta="15" />
  <time id="35" path="/Proyecto/Proyecto3FF/Encuestas/Integracion/Postmortem" start="@1409493416316" delta="480" />
  <time id="36" path="/Proyecto/Proyecto3FF/Conocimiento de Cliente/P6: Crear servicio de consulta de transacciones en AP_BCS/BAM-Entidad/Planning" start="@1412654255000" delta="5" />
  <time id="37" path="/Proyecto/Proyecto3FF/Conocimiento de Cliente/P6: Crear servicio de consulta de transacciones en AP_BCS/BAM-Entidad/Design" start="@1412654326000" delta="18" />
  <time id="40" path="/Proyecto/Proyecto3FF/Conocimiento de Cliente/P6: Crear servicio de consulta de transacciones en AP_BCS/BAM-Entidad/Design Review" start="@1412654634000" delta="5" />
  <time id="42" path="/Proyecto/Proyecto3FF/Conocimiento de Cliente/P6: Crear servicio de consulta de transacciones en AP_BCS/BAM-Entidad/Code" start="@1412827485074" delta="45" />
  <time id="44" path="/Proyecto/Proyecto3FF/Conocimiento de Cliente/P6: Crear servicio de consulta de transacciones en AP_BCS/BAM-Entidad/Code Review" start="@1412654729000" delta="10" />
  <time id="45" path="/Proyecto/Proyecto3FF/Conocimiento de Cliente/P6: Crear servicio de consulta de transacciones en AP_BCS/BAM-Entidad/Test" start="@1412827553169" delta="10" />
  <time id="46" path="/Proyecto/Proyecto3FF/Conocimiento de Cliente/P6: Crear servicio de consulta de transacciones en AP_BCS/BAM-Entidad/Postmortem" start="@1412827564054" delta="13" />
  <time id="48" path="/Proyecto/Proyecto3FF/Conocimiento de Cliente/P6: Crear servicio de consulta de transacciones en AP_BCS/Aplicaciones/Planning" start="@1412655029000" delta="10" />
  <time id="49" path="/Proyecto/Proyecto3FF/Conocimiento de Cliente/P6: Crear servicio de consulta de transacciones en AP_BCS/Aplicaciones/Design" start="@1412655038000" delta="12" />
  <time id="51" path="/Proyecto/Proyecto3FF/Conocimiento de Cliente/P6: Crear servicio de consulta de transacciones en AP_BCS/Aplicaciones/Design Review" start="@1412655053000" delta="3" />
  <time id="52" path="/Proyecto/Proyecto3FF/Conocimiento de Cliente/P6: Crear servicio de consulta de transacciones en AP_BCS/Aplicaciones/Code" start="@1412655060000" delta="210" />
  <time id="53" path="/Proyecto/Proyecto3FF/Conocimiento de Cliente/P6: Crear servicio de consulta de transacciones en AP_BCS/Aplicaciones/Code Review" start="@1412655073000" delta="10" />
  <time id="54" path="/Proyecto/Proyecto3FF/Conocimiento de Cliente/P6: Crear servicio de consulta de transacciones en AP_BCS/Aplicaciones/Compile" start="@1412741483000" delta="30" />
  <time id="55" path="/Proyecto/Proyecto3FF/Conocimiento de Cliente/P6: Crear servicio de consulta de transacciones en AP_BCS/Aplicaciones/Test" start="@1412741502000" delta="105" />
  <time id="56" path="/Proyecto/Proyecto3FF/Conocimiento de Cliente/P6: Crear servicio de consulta de transacciones en AP_BCS/Aplicaciones/Test" start="@1412827967060" delta="65" />
  <time id="57" path="/Proyecto/Proyecto3FF/Conocimiento de Cliente/P6: Crear servicio de consulta de transacciones en AP_BCS/Aplicaciones/Postmortem" start="@1412828000817" delta="35" />
  <time id="58" path="/Proyecto/Proyecto3FF/Conocimiento de Cliente/P7: Crear campañas enfocadas a clientes con baja actividad./Aplicaciones/Planning" start="@1411964443000" delta="12" />
  <time id="60" path="/Proyecto/Proyecto3FF/Conocimiento de Cliente/P7: Crear campañas enfocadas a clientes con baja actividad./Planning" start="@1411964539000" delta="55" />
  <time id="62" path="/Proyecto/Proyecto3FF/Conocimiento de Cliente/P7: Crear campañas enfocadas a clientes con baja actividad./Aplicaciones/Design" start="@1411964582000" delta="33" />
  <time id="63" path="/Proyecto/Proyecto3FF/Conocimiento de Cliente/P7: Crear campañas enfocadas a clientes con baja actividad./Aplicaciones/Design Review" start="@1412051058000" delta="10" />
  <time id="64" path="/Proyecto/Proyecto3FF/Conocimiento de Cliente/P7: Crear campañas enfocadas a clientes con baja actividad./Aplicaciones/Code" start="@1412051118000" delta="37" />
  <time id="65" path="/Proyecto/Proyecto3FF/Conocimiento de Cliente/P7: Crear campañas enfocadas a clientes con baja actividad./Aplicaciones/Code" start="@1412051162000" delta="30" />
  <time id="66" path="/Proyecto/Proyecto3FF/Conocimiento de Cliente/P7: Crear campañas enfocadas a clientes con baja actividad./Aplicaciones/Code Review" start="@1412051214000" delta="9" />
  <time id="67" path="/Proyecto/Proyecto3FF/Conocimiento de Cliente/P7: Crear campañas enfocadas a clientes con baja actividad./Aplicaciones/Compile" start="@1412828965087" delta="25" />
  <time id="68" path="/Proyecto/Proyecto3FF/Conocimiento de Cliente/P7: Crear campañas enfocadas a clientes con baja actividad./Aplicaciones/Test" start="@1412051529000" delta="140" />
  <time id="69" path="/Proyecto/Proyecto3FF/Conocimiento de Cliente/P7: Crear campañas enfocadas a clientes con baja actividad./Aplicaciones/Postmortem" start="@1412138154000" delta="54" />
  <time id="70" path="/Proyecto/Proyecto3FF/Conocimiento de Cliente/Lanzamiento/Asignar roles y tareas" start="@1411535203000" delta="60" />
  <time id="71" path="/Proyecto/Proyecto3FF/Conocimiento de Cliente/Lanzamiento/Plan de pruebas" start="@1414732011000" delta="120" />
  <time id="72" path="/Proyecto/Proyecto3FF/Conocimiento de Cliente/P8: Integrar el subproceso de confirmar transacción/Aplicaciones/Planning" start="@1411276187000" delta="30" />
  <time id="73" path="/Proyecto/Proyecto3FF/Conocimiento de Cliente/P8: Integrar el subproceso de confirmar transacción/Aplicaciones/Design" start="@1412831419222" delta="135" />
  <time id="74" path="/Proyecto/Proyecto3FF/Conocimiento de Cliente/P8: Integrar el subproceso de confirmar transacción/Aplicaciones/Design Review" start="@1412831440718" delta="45" />
  <time id="75" path="/Proyecto/Proyecto3FF/Conocimiento de Cliente/P8: Integrar el subproceso de confirmar transacción/Aplicaciones/Code" start="@1412831488275" delta="360" />
  <time id="76" path="/Proyecto/Proyecto3FF/Conocimiento de Cliente/P8: Integrar el subproceso de confirmar transacción/Aplicaciones/Code Review" start="@1412831500690" delta="45" />
  <time id="77" path="/Proyecto/Proyecto3FF/Conocimiento de Cliente/P8: Integrar el subproceso de confirmar transacción/Aplicaciones/Compile" start="@1412831513029" delta="30" />
</timeLogEntries>
