<?xml version='1.0' encoding='UTF-8' ?>
<timeLogEntries>
  <time id="98" path="/Proyecto/Proyecto3_IE/Conocimiento de Cliente/P6: Crear servicio de consulta de transacciones en AP_BCS/OSB Back/Code" start="@1407677624000" delta="15" flag="A" />
  <time id="99" path="/Proyecto/Proyecto3_IE/Conocimiento de Cliente/P6: Crear servicio de consulta de transacciones en AP_BCS/OSB Back/Code Review" start="@1412782458000" delta="10" flag="A" />
  <time id="100" path="/Proyecto/Proyecto3_IE/Conocimiento de Cliente/P6: Crear servicio de consulta de transacciones en AP_BCS/OSB Back/Test" start="@1412786074000" delta="15" flag="A" />
  <time id="101" path="/Proyecto/Proyecto3_IE/Conocimiento de Cliente/Integracion de estrategia/Design" start="@1412922977993" delta="30" flag="A" />
  <time id="102" path="/Proyecto/Proyecto3_IE/Conocimiento de Cliente/Integracion de estrategia/Code" start="@1412922991345" delta="30" flag="A" />
  <time id="103" path="/Proyecto/Proyecto3_IE/Manteniemiento del sistema" start="@1412923191355" delta="15" flag="A" />
  <time id="104" path="/Proyecto/Proyecto3_IE/Conocimiento de Cliente/Integracion de estrategia/Design" start="@1412924103606" delta="7" flag="A" />
  <time id="105" path="/Proyecto/Proyecto3_IE/Manteniemiento del sistema" start="@1412924528488" delta="4" flag="A" />
</timeLogEntries>
