<?xml version='1.0' encoding='UTF-8' ?>
<timeLogEntries>
  <time path='/Project/Proyecto3PC/Reputacion/P11: Modificación de información de las  cuentas del cliente para que soporten el campo de "Reputación" (CRM)/Aplicaciones&#10;/Project/Proyecto3PC/Ciclo3/P11: Reputacion/P11: Modificación de información de las  cuentas del cliente para que soporten el campo de "Reputación" (CRM)/Aplicaciones' flag="R" />
  <time path='/Project/Proyecto3PC/Reputacion/P11: Modificación de información de las  cuentas del cliente para que soporten el campo de "Reputación" (CRM)&#10;/Project/Proyecto3PC/Ciclo3/P11: Reputacion/P11: Modificación de información de las  cuentas del cliente para que soporten el campo de "Reputación" (CRM)' flag="R" />
  <time path="/Project/Proyecto3PC/Reputacion&#10;/Project/Proyecto3PC/Ciclo3/P11: Reputacion" flag="R" />
  <time path='/Project/Proyecto3PC/Ciclo3/P11: Reputacion/P11: Modificación de información de las  cuentas del cliente para que soporten el campo de "Reputación" (CRM)/Aplicaciones&#10;/Project/Proyecto3PC/Ciclo3/P11: Reputacion/Aplicacion Lagado' flag="R" />
  <time path="/Project/Proyecto3PC/Promociones fabricantes/P10: Permitir Promocionar de manera automática a fabricantes/OSB Back&#10;/Project/Proyecto3PC/Ciclo3/P9: Crear Combos promocionales/P10: Permitir Promocionar de manera automática a fabricantes/OSB Back" flag="R" />
  <time path="/Project/Proyecto3PC/Promociones fabricantes/P10: Permitir Promocionar de manera automática a fabricantes&#10;/Project/Proyecto3PC/Ciclo3/P9: Crear Combos promocionales/P10: Permitir Promocionar de manera automática a fabricantes" flag="R" />
  <time path="/Project/Proyecto3PC/Promociones fabricantes&#10;/Project/Proyecto3PC/Ciclo3/P9: Crear Combos promocionales" flag="R" />
  <time path="/Project/Proyecto3PC/EntregaFinal/Postmortem&#10;/Project/Proyecto3PC/Ciclo3/IntegracionFinal/Postmortem" flag="R" />
  <time path="/Project/Proyecto3PC/EntregaFinal&#10;/Project/Proyecto3PC/Ciclo3/IntegracionFinal" flag="R" />
  <time path="/Project/Proyecto3PC/Ciclo3/IntegracionFinal/Postmortem&#10;/Project/Proyecto3PC/Ciclo3/IntegracionFinal/Informe" flag="R" />
</timeLogEntries>
