<?xml version='1.0' encoding='UTF-8' ?>
<timeLogEntries>
  <time path="/Proyecto/Proyecto3_IE/Ciclo3/Test_/Lanzamiento/Asignar roles y tareas&#10;/Proyecto/Proyecto3_IE/Ciclo3/Reputacion/Lanzamiento/Asignar roles y tareas" flag="R" />
  <time path="/Proyecto/Proyecto3_IE/Ciclo3/Test_/Lanzamiento/Metas del producto&#10;/Proyecto/Proyecto3_IE/Ciclo3/Reputacion/Lanzamiento/Metas del producto" flag="R" />
  <time path="/Proyecto/Proyecto3_IE/Ciclo3/Test_/Lanzamiento/PDT&#10;/Proyecto/Proyecto3_IE/Ciclo3/Reputacion/Lanzamiento/PDT" flag="R" />
  <time path="/Proyecto/Proyecto3_IE/Ciclo3/Test_/Lanzamiento&#10;/Proyecto/Proyecto3_IE/Ciclo3/Reputacion/Lanzamiento" flag="R" />
  <time path="/Proyecto/Proyecto3_IE/Ciclo3/Test_/Proceso/Seguimiento(1)&#10;/Proyecto/Proyecto3_IE/Ciclo3/Reputacion/Proceso/Seguimiento(1)" flag="R" />
  <time path="/Proyecto/Proyecto3_IE/Ciclo3/Test_/Proceso/Seguimiento(2)&#10;/Proyecto/Proyecto3_IE/Ciclo3/Reputacion/Proceso/Seguimiento(2)" flag="R" />
  <time path="/Proyecto/Proyecto3_IE/Ciclo3/Test_/Proceso/Seguimiento(3)&#10;/Proyecto/Proyecto3_IE/Ciclo3/Reputacion/Proceso/Seguimiento(3)" flag="R" />
  <time path="/Proyecto/Proyecto3_IE/Ciclo3/Test_/Proceso/Seguimiento(4)&#10;/Proyecto/Proyecto3_IE/Ciclo3/Reputacion/Proceso/Seguimiento(4)" flag="R" />
  <time path="/Proyecto/Proyecto3_IE/Ciclo3/Test_/Proceso/Seguimiento(5)&#10;/Proyecto/Proyecto3_IE/Ciclo3/Reputacion/Proceso/Seguimiento(5)" flag="R" />
  <time path="/Proyecto/Proyecto3_IE/Ciclo3/Test_/Proceso&#10;/Proyecto/Proyecto3_IE/Ciclo3/Reputacion/Proceso" flag="R" />
  <time path="/Proyecto/Proyecto3_IE/Ciclo3/Test_/P11: Reputacion/OSB Front&#10;/Proyecto/Proyecto3_IE/Ciclo3/Reputacion/P11: Reputacion/OSB Front" flag="R" />
  <time path="/Proyecto/Proyecto3_IE/Ciclo3/Test_/P11: Reputacion/CRM-SugarCallOut&#10;/Proyecto/Proyecto3_IE/Ciclo3/Reputacion/P11: Reputacion/CRM-SugarCallOut" flag="R" />
  <time path="/Proyecto/Proyecto3_IE/Ciclo3/Test_/P11: Reputacion/OSB Back&#10;/Proyecto/Proyecto3_IE/Ciclo3/Reputacion/P11: Reputacion/OSB Back" flag="R" />
  <time path="/Proyecto/Proyecto3_IE/Ciclo3/Test_/P11: Reputacion&#10;/Proyecto/Proyecto3_IE/Ciclo3/Reputacion/P11: Reputacion" flag="R" />
  <time path="/Proyecto/Proyecto3_IE/Ciclo3/Test_/IntegracionFinal/Informe&#10;/Proyecto/Proyecto3_IE/Ciclo3/Reputacion/IntegracionFinal/Informe" flag="R" />
  <time path="/Proyecto/Proyecto3_IE/Ciclo3/Test_/IntegracionFinal/Pruebas SAT&#10;/Proyecto/Proyecto3_IE/Ciclo3/Reputacion/IntegracionFinal/Pruebas SAT" flag="R" />
  <time path="/Proyecto/Proyecto3_IE/Ciclo3/Test_/IntegracionFinal&#10;/Proyecto/Proyecto3_IE/Ciclo3/Reputacion/IntegracionFinal" flag="R" />
  <time path="/Proyecto/Proyecto3_IE/Ciclo3/Test_&#10;/Proyecto/Proyecto3_IE/Ciclo3/Reputacion" flag="R" />
  <time id="144" path="/Proyecto/Proyecto3_IE/Ciclo3/Reputacion/P11: Reputacion/OSB Back/Test" start="@1415152004000" delta="30" flag="A" />
  <time id="145" path="/Proyecto/Proyecto3_IE/Ciclo3/Reputacion/P11: Reputacion/OSB Back/Design Review" start="@1414720034000" delta="30" flag="A" />
  <time id="146" path="/Proyecto/Proyecto3_IE/Ciclo3/Reputacion/P11: Reputacion/OSB Back/Test" start="@1415238734773" delta="59" flag="A" />
</timeLogEntries>
