<?xml version='1.0' encoding='UTF-8' ?>
<timeLogEntries>
  <time id="1" path="/Proyecto/Proyecto3_IE/Encuestas/P4: Implementación de políticas para creación de encuestas de satisfacción a las campañas de MPLA/Base de datos/Planning" start="@1407099041000" delta="42" />
  <time id="2" path="/Proyecto/Proyecto3_IE/Encuestas/P4: Implementación de políticas para creación de encuestas de satisfacción a las campañas de MPLA/Base de datos/Planning" start="@1407102671000" delta="42" />
  <time id="3" path="/Proyecto/Proyecto3_IE/Encuestas/P4: Implementación de políticas para creación de encuestas de satisfacción a las campañas de MPLA/Base de datos/Planning" start="@1407196331000" delta="120" />
  <time id="4" path="/Proyecto/Proyecto3_IE/Encuestas/P4: Implementación de políticas para creación de encuestas de satisfacción a las campañas de MPLA/Base de datos/Design" start="@1407185563000" delta="90" comment="restaurar bus front" />
  <time id="5" path="/Proyecto/Proyecto3_IE/Encuestas/P4: Implementación de políticas para creación de encuestas de satisfacción a las campañas de MPLA/Base de datos/Design Review" start="@1407272002000" delta="120" comment="Servicio admin tareas" />
  <time id="6" path="/Proyecto/Proyecto3_IE/Encuestas/P4: Implementación de políticas para creación de encuestas de satisfacción a las campañas de MPLA/Base de datos/Code" start="@1407444847000" delta="60" />
  <time id="7" path="/Proyecto/Proyecto3_IE/Encuestas/P4: Implementación de políticas para creación de encuestas de satisfacción a las campañas de MPLA/Base de datos/Code Review" start="@1407876873000" delta="60" />
  <time id="8" path="/Proyecto/Proyecto3_IE/Encuestas/P4: Implementación de políticas para creación de encuestas de satisfacción a las campañas de MPLA/Base de datos/Test" start="@1407444891000" delta="20" />
  <time id="9" path="/Proyecto/Proyecto3_IE/Encuestas/P4: Implementación de políticas para creación de encuestas de satisfacción a las campañas de MPLA/Base de datos/Postmortem" start="@1407704110000" delta="15" />
  <time id="10" path="/Proyecto/Proyecto3_IE/Encuestas/P4: Implementación de políticas para creación de encuestas de satisfacción a las campañas de MPLA/Base de datos/Planning" start="@1407876947000" delta="60" />
  <time id="11" path="/Proyecto/Proyecto3_IE/Encuestas/P4: Implementación de políticas para creación de encuestas de satisfacción a las campañas de MPLA/Base de datos/Design" start="@1408136166000" delta="90" comment="diseño servicios encuestas" />
  <time id="12" path="/Proyecto/Proyecto3_IE/Encuestas/P5: Integración de sistemas de información para activar proceso de envío de encuestas/OSB Back/Planning" start="@1408222931399" delta="36" />
  <time id="13" path="/Proyecto/Proyecto3_IE/Encuestas/P5: Integración de sistemas de información para activar proceso de envío de encuestas/OSB Back/Planning" start="@1408226415097" delta="20" />
  <time id="14" path="/Proyecto/Proyecto3_IE/Encuestas/P5: Integración de sistemas de información para activar proceso de envío de encuestas/OSB Back/Design" start="@1408227595298" delta="31" />
  <time id="15" path="/Proyecto/Proyecto3_IE/Encuestas/P5: Integración de sistemas de información para activar proceso de envío de encuestas/OSB Back/Design Review" start="@1408229446644" delta="30" />
  <time id="16" path="/Proyecto/Proyecto3_IE/Encuestas/P5: Integración de sistemas de información para activar proceso de envío de encuestas/OSB Back/Code" start="@1408231252544" delta="44" />
  <time id="17" path="/Proyecto/Proyecto3_IE/Encuestas/P5: Integración de sistemas de información para activar proceso de envío de encuestas/OSB Back/Design Review" start="@1408233888983" delta="19" />
  <time id="18" path="/Proyecto/Proyecto3_IE/Encuestas/P5: Integración de sistemas de información para activar proceso de envío de encuestas/OSB Back/Design Review" start="@1408282156868" delta="9" />
  <time id="19" path="/Proyecto/Proyecto3_IE/Encuestas/P5: Integración de sistemas de información para activar proceso de envío de encuestas/OSB Back/Design Review" start="@1408283458876" delta="4" />
  <time id="20" path="/Proyecto/Proyecto3_IE/Encuestas/P5: Integración de sistemas de información para activar proceso de envío de encuestas/OSB Back/Code" start="@1408283674756" delta="78" />
  <time id="21" path="/Proyecto/Proyecto3_IE/Encuestas/P5: Integración de sistemas de información para activar proceso de envío de encuestas/OSB Back/Code Review" start="@1408310338628" delta="52" />
  <time id="22" path="/Proyecto/Proyecto3_IE/Encuestas/P5: Integración de sistemas de información para activar proceso de envío de encuestas/OSB Back/Code Review" start="@1408331569863" delta="7" />
  <time id="23" path="/Proyecto/Proyecto3_IE/Encuestas/P5: Integración de sistemas de información para activar proceso de envío de encuestas/OSB Back/Design Review" start="@1408373152755" delta="124" />
  <time id="24" path="/Proyecto/Proyecto3_IE/Manteniemiento del sistema" start="@1408380631349" delta="10" />
  <time id="25" path="/Proyecto/Proyecto3_IE/Manteniemiento del sistema" start="@1408334425000" delta="60" />
  <time id="26" path="/Proyecto/Proyecto3_IE/Encuestas/P5: Integración de sistemas de información para activar proceso de envío de encuestas/Aplicaciones/Planning" start="@1408385776020" delta="38" />
  <time id="27" path="/Proyecto/Proyecto3_IE/Encuestas/P5: Integración de sistemas de información para activar proceso de envío de encuestas/Aplicaciones/Planning" start="@1408390352367" delta="53" />
  <time id="28" path="/Proyecto/Proyecto3_IE/Encuestas/P5: Integración de sistemas de información para activar proceso de envío de encuestas/Aplicaciones/Design" start="@1408395373143" delta="25" />
  <time id="29" path="/Proyecto/Proyecto3_IE/Manteniemiento del sistema" start="@1408396895446" delta="28" />
  <time id="30" path="/Proyecto/Proyecto3_IE/Encuestas/P5: Integración de sistemas de información para activar proceso de envío de encuestas/Aplicaciones/Design" start="@1408398588012" delta="5" />
  <time id="31" path="/Proyecto/Proyecto3_IE/Encuestas/P5: Integración de sistemas de información para activar proceso de envío de encuestas/Aplicaciones/Design" start="@1408401198901" delta="2" />
  <time id="32" path="/Proyecto/Proyecto3_IE/Encuestas/P5: Integración de sistemas de información para activar proceso de envío de encuestas/Aplicaciones/Design Review" start="@1408401362044" delta="64" />
  <time id="33" path="/Proyecto/Proyecto3_IE/Encuestas/P5: Integración de sistemas de información para activar proceso de envío de encuestas/Aplicaciones/Code Review" start="@1408405196580" delta="9" />
  <time id="34" path="/Proyecto/Proyecto3_IE/Encuestas/P5: Integración de sistemas de información para activar proceso de envío de encuestas/Aplicaciones/Test" start="@1408405785170" delta="7" />
  <time id="35" path="/Proyecto/Proyecto3_IE/Encuestas/P5: Integración de sistemas de información para activar proceso de envío de encuestas/Aplicaciones/Test" start="@1408406191455" delta="31" />
  <time id="36" path="/Proyecto/Proyecto3_IE/Encuestas/P5: Integración de sistemas de información para activar proceso de envío de encuestas/Aplicaciones/Code" start="@1408408127297" delta="20" />
</timeLogEntries>
