<?xml version='1.0' encoding='UTF-8' ?>
<timeLogEntries>
  <time id="78" path="/Proyecto/Proyecto3_IE/Conocimiento de Cliente/P8: Integrar el subproceso de confirmar transacción/OSB Back/Planning" start="@1412171586000" delta="10" flag="A" />
  <time id="79" path="/Proyecto/Proyecto3_IE/Conocimiento de Cliente/P8: Integrar el subproceso de confirmar transacción/OSB Back/Design" start="@1412175209000" delta="5" flag="A" />
  <time id="80" path="/Proyecto/Proyecto3_IE/Conocimiento de Cliente/P8: Integrar el subproceso de confirmar transacción/OSB Back/Design Review" start="@1412175246000" delta="1" flag="A" />
  <time id="81" path="/Proyecto/Proyecto3_IE/Conocimiento de Cliente/P8: Integrar el subproceso de confirmar transacción/OSB Back/Code" start="@1412178868000" delta="25" flag="A" />
  <time id="82" path="/Proyecto/Proyecto3_IE/Conocimiento de Cliente/P8: Integrar el subproceso de confirmar transacción/OSB Back/Code Review" start="@1412182494000" delta="15" flag="A" />
  <time id="83" path="/Proyecto/Proyecto3_IE/Conocimiento de Cliente/P8: Integrar el subproceso de confirmar transacción/OSB Back/Test" start="@1412182517000" delta="5" flag="A" />
  <time id="84" path="/Proyecto/Proyecto3_IE/Conocimiento de Cliente/P8: Integrar el subproceso de confirmar transacción/OSB Back/Planning" start="@1412457053000" delta="25" flag="A" />
  <time id="85" path="/Proyecto/Proyecto3_IE/Conocimiento de Cliente/Integracion de estrategia/Planning" start="@1412464946963" delta="4" flag="A" />
  <time id="86" path="/Proyecto/Proyecto3_IE/Conocimiento de Cliente/Integracion de estrategia/Design" start="@1412465190044" delta="1" flag="A" />
  <time id="87" path="/Proyecto/Proyecto3_IE/Conocimiento de Cliente/P6: Crear servicio de consulta de transacciones en AP_BCS/OSB Back/Code" start="@1412465316714" delta="17" flag="A" />
  <time id="88" path="/Proyecto/Proyecto3_IE/Conocimiento de Cliente/P6: Crear servicio de consulta de transacciones en AP_BCS/OSB Back/Code Review" start="@1412466323697" delta="14" flag="A" />
  <time id="89" path="/Proyecto/Proyecto3_IE/Conocimiento de Cliente/P6: Crear servicio de consulta de transacciones en AP_BCS/OSB Back/Test" start="@1412467184702" delta="2" flag="A" />
  <time id="90" path="/Proyecto/Proyecto3_IE/Conocimiento de Cliente/P6: Crear servicio de consulta de transacciones en AP_BCS/OSB Back/Test" start="@1412468463983" delta="5" flag="A" />
  <time id="91" path="/Proyecto/Proyecto3_IE/Conocimiento de Cliente/P6: Crear servicio de consulta de transacciones en AP_BCS/OSB Back/Test" start="@1412484923695" delta="60" flag="A" />
</timeLogEntries>
