<?xml version='1.0' encoding='UTF-8' ?>
<timeLogEntries>
  <time id="61" path="/Project/Proyecto3PC/Conocimiento de Cliente/P8: Integrar el subproceso de confirmar transacción/BPEL/Design" start="@1412437390702" delta="27" flag="A" />
  <time id="62" path="/Project/Proyecto3PC/Conocimiento de Cliente/P8: Integrar el subproceso de confirmar transacción/BPEL/Design Review" start="@1412439089674" delta="79" flag="A" />
  <time id="63" path="/Project/Proyecto3PC/Conocimiento de Cliente/P8: Integrar el subproceso de confirmar transacción/BPEL/Design" start="@1412443863136" delta="74" flag="A" />
  <time id="64" path="/Project/Proyecto3PC/Conocimiento de Cliente/P8: Integrar el subproceso de confirmar transacción/BPEL/Design" start="@1412454234279" delta="17" flag="A" />
  <time id="65" path="/Project/Proyecto3PC/Conocimiento de Cliente/P8: Integrar el subproceso de confirmar transacción/BPEL/Design" start="@1412455370024" delta="30" flag="A" />
  <time id="66" path="/Project/Proyecto3PC/Conocimiento de Cliente/P8: Integrar el subproceso de confirmar transacción/BPEL/Code" start="@1412457201600" delta="30" flag="A" />
  <time id="67" path="/Project/Proyecto3PC/Conocimiento de Cliente/P8: Integrar el subproceso de confirmar transacción/BPEL/Planning" start="@1412471103213" delta="3" flag="A" />
  <time id="68" path="/Project/Proyecto3PC/Conocimiento de Cliente/P8: Integrar el subproceso de confirmar transacción/BPEL/Design" start="@1412471575721" delta="36" flag="A" />
  <time id="69" path="/Project/Proyecto3PC/Conocimiento de Cliente/P8: Integrar el subproceso de confirmar transacción/BPEL/Design" start="@1412481233490" delta="56" flag="A" />
</timeLogEntries>
