<?xml version='1.0' encoding='UTF-8' ?>
<timeLogEntries>
  <time id="23" path="/Proyecto/Proyecto3_IE/Encuestas/P5: Integración de sistemas de información para activar proceso de envío de encuestas/OSB Back/Design Review" start="@1408373152755" delta="124" flag="A" />
  <time id="24" path="/Proyecto/Proyecto3_IE/Manteniemiento del sistema" start="@1408380631349" delta="10" flag="A" />
  <time id="25" path="/Proyecto/Proyecto3_IE/Manteniemiento del sistema" start="@1408334425000" delta="60" flag="A" />
  <time id="26" path="/Proyecto/Proyecto3_IE/Encuestas/P5: Integración de sistemas de información para activar proceso de envío de encuestas/Aplicaciones/Planning" start="@1408385776020" delta="38" flag="A" />
  <time id="27" path="/Proyecto/Proyecto3_IE/Encuestas/P5: Integración de sistemas de información para activar proceso de envío de encuestas/Aplicaciones/Planning" start="@1408390352367" delta="53" flag="A" />
  <time id="28" path="/Proyecto/Proyecto3_IE/Encuestas/P5: Integración de sistemas de información para activar proceso de envío de encuestas/Aplicaciones/Design" start="@1408395373143" delta="25" flag="A" />
  <time id="29" path="/Proyecto/Proyecto3_IE/Manteniemiento del sistema" start="@1408396895446" delta="28" flag="A" />
  <time id="30" path="/Proyecto/Proyecto3_IE/Encuestas/P5: Integración de sistemas de información para activar proceso de envío de encuestas/Aplicaciones/Design" start="@1408398588012" delta="5" flag="A" />
  <time id="31" path="/Proyecto/Proyecto3_IE/Encuestas/P5: Integración de sistemas de información para activar proceso de envío de encuestas/Aplicaciones/Design" start="@1408401198901" delta="2" flag="A" />
  <time id="32" path="/Proyecto/Proyecto3_IE/Encuestas/P5: Integración de sistemas de información para activar proceso de envío de encuestas/Aplicaciones/Design Review" start="@1408401362044" delta="64" flag="A" />
  <time id="33" path="/Proyecto/Proyecto3_IE/Encuestas/P5: Integración de sistemas de información para activar proceso de envío de encuestas/Aplicaciones/Code Review" start="@1408405196580" delta="9" flag="A" />
  <time id="34" path="/Proyecto/Proyecto3_IE/Encuestas/P5: Integración de sistemas de información para activar proceso de envío de encuestas/Aplicaciones/Test" start="@1408405785170" delta="7" flag="A" />
  <time id="35" path="/Proyecto/Proyecto3_IE/Encuestas/P5: Integración de sistemas de información para activar proceso de envío de encuestas/Aplicaciones/Test" start="@1408406191455" delta="31" flag="A" />
  <time id="36" path="/Proyecto/Proyecto3_IE/Encuestas/P5: Integración de sistemas de información para activar proceso de envío de encuestas/Aplicaciones/Code" start="@1408408127297" delta="20" flag="A" />
</timeLogEntries>
