<?xml version='1.0' encoding='UTF-8' ?>
<timeLogEntries>
  <time path="/Project/Proyecto3PC/Ciclo3/Lanzamiento/Asignar roles y tareas&#10;/Project/Proyecto3PC/Ciclo3/Test_/Lanzamiento/Asignar roles y tareas" flag="R" />
  <time path="/Project/Proyecto3PC/Ciclo3/Lanzamiento/Plan de desarrollo&#10;/Project/Proyecto3PC/Ciclo3/Test_/Lanzamiento/Plan de desarrollo" flag="R" />
  <time path="/Project/Proyecto3PC/Ciclo3/Lanzamiento&#10;/Project/Proyecto3PC/Ciclo3/Test_/Lanzamiento" flag="R" />
  <time path="/Project/Proyecto3PC/Ciclo3/Proceso/Seguimiento(1)&#10;/Project/Proyecto3PC/Ciclo3/Test_/Proceso/Seguimiento(1)" flag="R" />
  <time path="/Project/Proyecto3PC/Ciclo3/Proceso/Seguimiento(2)&#10;/Project/Proyecto3PC/Ciclo3/Test_/Proceso/Seguimiento(2)" flag="R" />
  <time path="/Project/Proyecto3PC/Ciclo3/Proceso/Seguimiento(3)&#10;/Project/Proyecto3PC/Ciclo3/Test_/Proceso/Seguimiento(3)" flag="R" />
  <time path="/Project/Proyecto3PC/Ciclo3/Proceso/Seguimiento(4)&#10;/Project/Proyecto3PC/Ciclo3/Test_/Proceso/Seguimiento(4)" flag="R" />
  <time path="/Project/Proyecto3PC/Ciclo3/Proceso/Seguimiento(5)&#10;/Project/Proyecto3PC/Ciclo3/Test_/Proceso/Seguimiento(5)" flag="R" />
  <time path="/Project/Proyecto3PC/Ciclo3/Proceso&#10;/Project/Proyecto3PC/Ciclo3/Test_/Proceso" flag="R" />
  <time path="/Project/Proyecto3PC/Ciclo3/P11: Reputacion/BAM&#10;/Project/Proyecto3PC/Ciclo3/Test_/P11: Reputacion/BAM" flag="R" />
  <time path="/Project/Proyecto3PC/Ciclo3/P11: Reputacion/Aplicacion Lagado&#10;/Project/Proyecto3PC/Ciclo3/Test_/P11: Reputacion/Aplicacion Lagado" flag="R" />
  <time path="/Project/Proyecto3PC/Ciclo3/P11: Reputacion/Integracion&#10;/Project/Proyecto3PC/Ciclo3/Test_/P11: Reputacion/Integracion" flag="R" />
  <time path="/Project/Proyecto3PC/Ciclo3/P11: Reputacion&#10;/Project/Proyecto3PC/Ciclo3/Test_/P11: Reputacion" flag="R" />
  <time path="/Project/Proyecto3PC/Ciclo3/IntegracionFinal/Informe&#10;/Project/Proyecto3PC/Ciclo3/Test_/IntegracionFinal/Informe" flag="R" />
  <time path="/Project/Proyecto3PC/Ciclo3/IntegracionFinal/Pruebas SAT&#10;/Project/Proyecto3PC/Ciclo3/Test_/IntegracionFinal/Pruebas SAT" flag="R" />
  <time path="/Project/Proyecto3PC/Ciclo3/IntegracionFinal&#10;/Project/Proyecto3PC/Ciclo3/Test_/IntegracionFinal" flag="R" />
</timeLogEntries>
