<?xml version='1.0' encoding='UTF-8' ?>
<timeLogEntries>
  <time id="1" path="/Project/Proyecto3PC/Encuestas/P3: Implementación módulo de encuestas del AP_CRM/Base de datos/Planning" start="@1407466796000" delta="36" interrupt="2" />
  <time id="2" path="/Project/Proyecto3PC/Encuestas/P3: Implementación módulo de encuestas del AP_CRM/Base de datos/Design" start="@1407472554000" delta="45" />
  <time id="3" path="/Project/Proyecto3PC/Encuestas/P3: Implementación módulo de encuestas del AP_CRM/Base de datos/Design Review" start="@1407472601000" delta="45" />
  <time id="4" path="/Project/Proyecto3PC/Encuestas/P3: Implementación módulo de encuestas del AP_CRM/Base de datos/Code" start="@1407472610000" delta="90" />
  <time id="5" path="/Project/Proyecto3PC/Encuestas/P3: Implementación módulo de encuestas del AP_CRM/Base de datos/Code Review" start="@1407472620000" delta="30" />
  <time id="6" path="/Project/Proyecto3PC/Encuestas/P3: Implementación módulo de encuestas del AP_CRM/Base de datos/Test" start="@1407472635000" delta="60" />
  <time id="7" path="/Project/Proyecto3PC/Encuestas/P3: Implementación módulo de encuestas del AP_CRM/Base de datos/Postmortem" start="@1407472658000" delta="60" />
  <time id="8" path="/Project/Proyecto3PC/Encuestas/P3: Implementación módulo de encuestas del AP_CRM/Base de datos/Compile" start="@1407472709000" />
  <time id="9" path="/Project/Proyecto3PC/Encuestas/P5: Integración de sistemas de información para activar proceso de envío de encuestas/BAM-Entidad/Planning" start="@1407645720000" delta="36" />
  <time id="10" path="/Project/Proyecto3PC/Encuestas/P5: Integración de sistemas de información para activar proceso de envío de encuestas/BAM-Entidad/Design" start="@1407645742000" delta="60" />
  <time id="11" path="/Project/Proyecto3PC/Encuestas/P5: Integración de sistemas de información para activar proceso de envío de encuestas/BAM-Entidad/Design" start="@1407904942000" delta="39" />
  <time id="12" path="/Project/Proyecto3PC/Encuestas/P5: Integración de sistemas de información para activar proceso de envío de encuestas/BAM-Entidad/Design Review" start="@1407904993000" delta="40" />
  <time id="13" path="/Project/Proyecto3PC/Encuestas/P5: Integración de sistemas de información para activar proceso de envío de encuestas/BAM-Entidad/Code" start="@1407905015000" delta="60" />
  <time id="14" path="/Project/Proyecto3PC/Encuestas/P5: Integración de sistemas de información para activar proceso de envío de encuestas/BAM-Entidad/Code Review" start="@1407905066000" delta="32" />
  <time id="15" path="/Project/Proyecto3PC/Encuestas/P5: Integración de sistemas de información para activar proceso de envío de encuestas/BAM-Entidad/Test" start="@1408250678000" delta="30" />
  <time id="16" path="/Project/Proyecto3PC/Encuestas/P5: Integración de sistemas de información para activar proceso de envío de encuestas/BAM-Entidad/Postmortem" start="@1408250693000" delta="60" />
  <time id="17" path="/Project/Proyecto3PC/Encuestas/P5: Integración de sistemas de información para activar proceso de envío de encuestas/BAM- KPI/Planning" start="@1408250768000" delta="50" />
  <time id="18" path="/Project/Proyecto3PC/Encuestas/P5: Integración de sistemas de información para activar proceso de envío de encuestas/BAM- KPI/Design" start="@1408337216000" delta="50" />
  <time id="19" path="/Project/Proyecto3PC/Encuestas/P5: Integración de sistemas de información para activar proceso de envío de encuestas/BAM- KPI/Design Review" start="@1408337245000" delta="40" />
  <time id="20" path="/Project/Proyecto3PC/Encuestas/P5: Integración de sistemas de información para activar proceso de envío de encuestas/BAM- KPI/Code" start="@1408337255000" delta="90" />
  <time id="21" path="/Project/Proyecto3PC/Encuestas/P5: Integración de sistemas de información para activar proceso de envío de encuestas/BAM- KPI/Code Review" start="@1408337276000" delta="20" />
  <time id="22" path="/Project/Proyecto3PC/Encuestas/P5: Integración de sistemas de información para activar proceso de envío de encuestas/BAM- KPI/Test" start="@1408423686000" delta="60" />
  <time id="23" path="/Project/Proyecto3PC/Encuestas/P5: Integración de sistemas de información para activar proceso de envío de encuestas/BAM- KPI/Postmortem" start="@1408855701000" delta="60" />
  <time id="24" path="/Project/Proyecto3PC/Encuestas/Integracion/Planning" start="@1408855766000" delta="39" />
  <time id="25" path="/Project/Proyecto3PC/Encuestas/Integracion/Design" start="@1408855869000" delta="30" />
  <time id="26" path="/Project/Proyecto3PC/Encuestas/Integracion/Design Review" start="@1408855876000" delta="30" />
  <time id="27" path="/Project/Proyecto3PC/Encuestas/Integracion/Code" start="@1408855889000" delta="70" />
  <time id="28" path="/Project/Proyecto3PC/Encuestas/Integracion/Code Review" start="@1408855899000" delta="30" />
  <time id="29" path="/Project/Proyecto3PC/Encuestas/Integracion/Test" start="@1408855909000" delta="110" />
  <time id="30" path="/Project/Proyecto3PC/Manteniemiento del sistema" start="@1409429214000" delta="60" />
  <time id="31" path="/Project/Proyecto3PC/Encuestas/Integracion/Postmortem" start="@1409501599426" delta="480" />
  <time id="32" path="/Project/Proyecto3PC/Conocimiento de Cliente/Lanzamiento/Asignar roles y tareas" start="@1409888587000" delta="60" />
  <time id="33" path="/Project/Proyecto3PC/Conocimiento de Cliente/Lanzamiento/Plan de desarrollo" start="@1410122609834" delta="20" />
  <time id="34" path="/Project/Proyecto3PC/Conocimiento de Cliente/Lanzamiento/Plan de desarrollo" start="@1410122627895" delta="37" />
  <time id="35" path="/Project/Proyecto3PC/Conocimiento de Cliente/Lanzamiento/Asignar roles y tareas" start="@1410231154397" delta="60" />
  <time id="36" path="/Project/Proyecto3PC/Conocimiento de Cliente/P6: Crear servicio de consulta de transacciones en AP_BCS/BAM- KPI/Planning" start="@1411833530408" delta="27" />
  <time id="37" path="/Project/Proyecto3PC/Conocimiento de Cliente/P6: Crear servicio de consulta de transacciones en AP_BCS/BAM- KPI/Planning" start="@1411856104992" delta="13" />
  <time id="38" path="/Project/Proyecto3PC/Conocimiento de Cliente/P6: Crear servicio de consulta de transacciones en AP_BCS/BAM- KPI/Planning" start="@1411858192716" delta="10" />
  <time id="39" path="/Project/Proyecto3PC/Conocimiento de Cliente/P6: Crear servicio de consulta de transacciones en AP_BCS/BAM- KPI/Design" start="@1411860043447" delta="27" />
  <time id="40" path="/Project/Proyecto3PC/Conocimiento de Cliente/P6: Crear servicio de consulta de transacciones en AP_BCS/BAM- KPI/Design Review" start="@1411861914821" delta="14" />
  <time id="41" path="/Project/Proyecto3PC/Conocimiento de Cliente/P6: Crear servicio de consulta de transacciones en AP_BCS/BAM- KPI/Code" start="@1411862780675" delta="44" />
  <time id="42" path="/Project/Proyecto3PC/Conocimiento de Cliente/P6: Crear servicio de consulta de transacciones en AP_BCS/BAM- KPI/Code" start="@1411866356439" delta="12" />
  <time id="43" path="/Project/Proyecto3PC/Conocimiento de Cliente/P6: Crear servicio de consulta de transacciones en AP_BCS/BAM- KPI/Code" start="@1411914704943" delta="21" />
  <time id="44" path="/Project/Proyecto3PC/Conocimiento de Cliente/Tarea de Rol/Seguimiento(2)" start="@1411922874724" delta="2" />
  <time id="45" path="/Project/Proyecto3PC/Conocimiento de Cliente/Tarea de Rol/Seguimiento(2)" start="@1411923035647" delta="25" />
  <time id="46" path="/Project/Proyecto3PC/Conocimiento de Cliente/P6: Crear servicio de consulta de transacciones en AP_BCS/BAM- KPI/Code" start="@1411926368470" delta="6" />
  <time id="47" path="/Project/Proyecto3PC/Conocimiento de Cliente/Tarea de Rol/Seguimiento(2)" start="@1411926727920" delta="5" />
  <time id="48" path="/Project/Proyecto3PC/Conocimiento de Cliente/P6: Crear servicio de consulta de transacciones en AP_BCS/BAM- KPI/Code" start="@1411927268551" delta="23" />
  <time id="49" path="/Project/Proyecto3PC/Conocimiento de Cliente/P6: Crear servicio de consulta de transacciones en AP_BCS/BAM- KPI/Code" start="@1411932003452" delta="42" />
  <time id="50" path="/Project/Proyecto3PC/Conocimiento de Cliente/P6: Crear servicio de consulta de transacciones en AP_BCS/BAM- KPI/Code" start="@1411946121959" delta="71" />
  <time id="51" path="/Project/Proyecto3PC/Conocimiento de Cliente/P6: Crear servicio de consulta de transacciones en AP_BCS/BAM- KPI/Code" start="@1412043655070" delta="44" interrupt="2" />
  <time id="52" path="/Project/Proyecto3PC/Conocimiento de Cliente/P6: Crear servicio de consulta de transacciones en AP_BCS/BAM- KPI/Code" start="@1412050199892" delta="17" />
  <time id="53" path="/Project/Proyecto3PC/Conocimiento de Cliente/P6: Crear servicio de consulta de transacciones en AP_BCS/BAM- KPI/Code Review" start="@1412052377342" delta="20" />
  <time id="54" path="/Project/Proyecto3PC/Conocimiento de Cliente/P6: Crear servicio de consulta de transacciones en AP_BCS/BAM- KPI/Test" start="@1412053287000" delta="60" />
  <time id="55" path="/Project/Proyecto3PC/Conocimiento de Cliente/Tarea de Rol/Seguimiento(2)" start="@1412137384741" delta="14" interrupt="3" />
  <time id="56" path="/Project/Proyecto3PC/Conocimiento de Cliente/Tarea de Rol/Seguimiento(2)" start="@1412138741921" delta="1" />
  <time id="58" path="/Project/Proyecto3PC/Conocimiento de Cliente/Integracion de estrategia/Design Review" start="@1412222285393" delta="10" />
  <time id="59" path="/Project/Proyecto3PC/Conocimiento de Cliente/P8: Integrar el subproceso de confirmar transacción/BPEL/Design Review" start="@1412222372951" delta="4" />
  <time id="60" path="/Project/Proyecto3PC/Conocimiento de Cliente/P8: Integrar el subproceso de confirmar transacción/BPEL/Design Review" start="@1412223155001" delta="40" />
  <time id="61" path="/Project/Proyecto3PC/Conocimiento de Cliente/P8: Integrar el subproceso de confirmar transacción/BPEL/Design" start="@1412437390702" delta="27" />
  <time id="62" path="/Project/Proyecto3PC/Conocimiento de Cliente/P8: Integrar el subproceso de confirmar transacción/BPEL/Design Review" start="@1412439089674" delta="79" />
  <time id="63" path="/Project/Proyecto3PC/Conocimiento de Cliente/P8: Integrar el subproceso de confirmar transacción/BPEL/Design" start="@1412443863136" delta="74" />
  <time id="64" path="/Project/Proyecto3PC/Conocimiento de Cliente/P8: Integrar el subproceso de confirmar transacción/BPEL/Design" start="@1412454234279" delta="17" />
  <time id="65" path="/Project/Proyecto3PC/Conocimiento de Cliente/P8: Integrar el subproceso de confirmar transacción/BPEL/Design" start="@1412455370024" delta="30" />
  <time id="66" path="/Project/Proyecto3PC/Conocimiento de Cliente/P8: Integrar el subproceso de confirmar transacción/BPEL/Code" start="@1412457201600" delta="30" />
  <time id="67" path="/Project/Proyecto3PC/Conocimiento de Cliente/P8: Integrar el subproceso de confirmar transacción/BPEL/Planning" start="@1412471103213" delta="3" />
  <time id="68" path="/Project/Proyecto3PC/Conocimiento de Cliente/P8: Integrar el subproceso de confirmar transacción/BPEL/Design" start="@1412471575721" delta="36" />
  <time id="69" path="/Project/Proyecto3PC/Conocimiento de Cliente/P8: Integrar el subproceso de confirmar transacción/BPEL/Design" start="@1412481233490" delta="56" />
  <time id="70" path="/Project/Proyecto3PC/Conocimiento de Cliente/P8: Integrar el subproceso de confirmar transacción/BPEL/Design" start="@1412651877187" delta="31" />
  <time id="71" path="/Project/Proyecto3PC/Conocimiento de Cliente/P8: Integrar el subproceso de confirmar transacción/BPEL/Design" start="@1412658259022" delta="30" />
  <time id="72" path="/Project/Proyecto3PC/Conocimiento de Cliente/P8: Integrar el subproceso de confirmar transacción/BPEL/Design" start="@1412741424444" delta="118" />
  <time id="73" path="/Project/Proyecto3PC/Conocimiento de Cliente/Tarea de Rol/Seguimiento(1)" start="@1411885876000" delta="30" />
  <time id="74" path="/Project/Proyecto3PC/Conocimiento de Cliente/P8: Integrar el subproceso de confirmar transacción/BPEL/Code" start="@1412828137606" delta="88" />
  <time id="75" path="/Project/Proyecto3PC/Conocimiento de Cliente/P8: Integrar el subproceso de confirmar transacción/BPEL/Code Review" start="@1412833452921" delta="4" />
  <time id="76" path="/Project/Proyecto3PC/Conocimiento de Cliente/P8: Integrar el subproceso de confirmar transacción/BPEL/Test" start="@1412833714094" delta="29" />
  <time id="77" path="/Project/Proyecto3PC/Conocimiento de Cliente/P8: Integrar el subproceso de confirmar transacción/BPEL/Design" start="@1412835474771" delta="27" />
  <time id="78" path="/Project/Proyecto3PC/Conocimiento de Cliente/P8: Integrar el subproceso de confirmar transacción/BPEL/Code" start="@1412837123052" delta="29" />
</timeLogEntries>
