<?xml version='1.0' encoding='UTF-8' ?>
<timeLogEntries>
  <time id="1" path="/Proyecto/Proyecto3GM/Encuestas/P3: Implementación módulo de encuestas del AP_CRM/CRM/Planning" start="@1407114602000" delta="90" comment="Integracion / investigacion de integracion GestionConsultaJSONCampanias al php" />
  <time id="2" path="/Proyecto/Proyecto3GM/Encuestas/P3: Implementación módulo de encuestas del AP_CRM/CRM/Design" start="@1407078000000" delta="30" comment="GestionConsultaJSONCampanias" />
  <time id="3" path="/Proyecto/Proyecto3GM/Encuestas/P3: Implementación módulo de encuestas del AP_CRM/CRM/Design" start="@1408204800000" delta="60" comment="diseño funcionalidades de soporte getCampaniaActiva" />
  <time id="4" path="/Proyecto/Proyecto3GM/Encuestas/P3: Implementación módulo de encuestas del AP_CRM/CRM/Code" start="@1407088800000" delta="120" comment="generacion de servicio GestionConsultaJSONCampanias 2.5" />
  <time id="5" path="/Proyecto/Proyecto3GM/Encuestas/P3: Implementación módulo de encuestas del AP_CRM/CRM/Code" start="@1407046715000" delta="50" comment="servicio back GestionConsultaJSONCampanias" />
  <time id="6" path="/Proyecto/Proyecto3GM/Encuestas/P3: Implementación módulo de encuestas del AP_CRM/CRM/Code" start="@1408209675000" delta="60" comment="getCampaniaActiva" />
  <time id="7" path="/Proyecto/Proyecto3GM/Encuestas/P3: Implementación módulo de encuestas del AP_CRM/CRM/Code" start="@1408170158000" delta="60" comment="Cambios getCampaniaActiva con funcionalidad  darIdCampaniaGenerica(), activarCampaniaPorDefecto() y ActivarCampania(idCampania)" />
  <time id="8" path="/Proyecto/Proyecto3GM/Encuestas/P3: Implementación módulo de encuestas del AP_CRM/CRM/Code" start="@1408170267000" delta="90" comment="Funcionalidades desactivarCampaniasExcepto(idCampania) " />
  <time id="9" path="/Proyecto/Proyecto3GM/Encuestas/P3: Implementación módulo de encuestas del AP_CRM/CRM/Code" start="@1408170293000" delta="30" comment="Cambios a metodos de actualizar campania y crear campania para permitir solo una campaña activa" />
  <time id="11" path="/Proyecto/Proyecto3GM/Encuestas/P3: Implementación módulo de encuestas del AP_CRM/CRM/Test" start="@1407133552000" delta="240" comment="prueba en máquina C de consulta desde php a la url http://157.253.238.25:7001/marketPlace/proxy/GestionConsultaJSONCampanias/GestionConsultaJSONCampanias" />
  <time id="12" path="/Proyecto/Proyecto3GM/Encuestas/P3: Implementación módulo de encuestas del AP_CRM/Base de datos/Design" start="@1407047238000" delta="15" />
  <time id="13" path="/Proyecto/Proyecto3GM/Encuestas/P3: Implementación módulo de encuestas del AP_CRM/Base de datos/Code" start="@1407047279000" delta="60" comment="consulta sql" />
  <time id="14" path="/Proyecto/Proyecto3GM/Encuestas/P3: Implementación módulo de encuestas del AP_CRM/Base de datos/Postmortem" start="@1409380116000" delta="60" />
  <time id="15" path="/Proyecto/Proyecto3GM/Encuestas/P4: Implementación de políticas para creación de encuestas de satisfacción a las campañas de MPLA/Logica de negocio/Planning" start="@1407047350000" delta="210" comment="Solucionando problemas de apache (máquina personal)" />
  <time id="16" path="/Proyecto/Proyecto3GM/Encuestas/P4: Implementación de políticas para creación de encuestas de satisfacción a las campañas de MPLA/Logica de negocio/Planning" start="@1407081852000" delta="45" comment="Tutorial componente front end de Joomla" />
  <time id="17" path="/Proyecto/Proyecto3GM/Encuestas/P4: Implementación de políticas para creación de encuestas de satisfacción a las campañas de MPLA/Logica de negocio/Planning" start="@1407081885000" delta="240" comment="Tutorial componente back end de Joomla" />
  <time id="18" path="/Proyecto/Proyecto3GM/Encuestas/P4: Implementación de políticas para creación de encuestas de satisfacción a las campañas de MPLA/Logica de negocio/Design Review" start="@1407600320000" delta="150" comment="Funcionalidad de busqueda de encuestas" />
  <time id="19" path="/Proyecto/Proyecto3GM/Encuestas/P4: Implementación de políticas para creación de encuestas de satisfacción a las campañas de MPLA/Logica de negocio/Design Review" start="@1407686732000" delta="120" comment="Funcionalidad de busqueda de encuestas" />
  <time id="20" path="/Proyecto/Proyecto3GM/Encuestas/P4: Implementación de políticas para creación de encuestas de satisfacción a las campañas de MPLA/Logica de negocio/Design Review" start="@1407773139000" delta="120" comment="Funcionalidad de busqueda de encuestas" />
  <time id="21" path="/Proyecto/Proyecto3GM/Encuestas/P4: Implementación de políticas para creación de encuestas de satisfacción a las campañas de MPLA/Logica de negocio/Design Review" start="@1407859545000" delta="120" comment="Funcionalidad de busqueda de encuestas" />
  <time id="22" path="/Proyecto/Proyecto3GM/Encuestas/P4: Implementación de políticas para creación de encuestas de satisfacción a las campañas de MPLA/Logica de negocio/Design Review" start="@1408032457000" delta="60" comment="Revision y corrección de pruebas ejecutadas" />
  <time id="23" path="/Proyecto/Proyecto3GM/Encuestas/P4: Implementación de políticas para creación de encuestas de satisfacción a las campañas de MPLA/Logica de negocio/Postmortem" start="@1409457960000" delta="90" comment="Pruebas funcionalidad de encuestas" />
  <time id="24" path="/Proyecto/Proyecto3GM/Encuestas/Integracion/Planning" start="@1409328545901" delta="60" comment="solucionar problemas de integracion nusoap con oracle" />
  <time id="25" path="/Proyecto/Proyecto3GM/Encuestas/Integracion/Planning" start="@1408723838000" delta="60" comment="plan de pruebas integracion" />
  <time id="26" path="/Proyecto/Proyecto3GM/Encuestas/P4: Implementación de políticas para creación de encuestas de satisfacción a las campañas de MPLA/Logica de negocio/Design" start="@1409443214000" delta="120" comment="Elaboracion de manuales del modulo de encuestas" />
  <time id="27" path="/Proyecto/Proyecto3GM/Encuestas/P3: Implementación módulo de encuestas del AP_CRM/CRM/Planning" start="@1407078000000" delta="60" comment="Reunion de equipo" />
  <time id="28" path="/Proyecto/Proyecto3GM/Encuestas/P3: Implementación módulo de encuestas del AP_CRM/CRM/Planning" start="@1407682800000" comment="Reunion de equipo" />
  <time id="30" path="/Proyecto/Proyecto3GM/Encuestas/P4: Implementación de políticas para creación de encuestas de satisfacción a las campañas de MPLA/Logica de negocio/Planning" start="@1408287600000" delta="60" comment="Reunion de equipo" />
  <time id="31" path="/Proyecto/Proyecto3GM/Encuestas/P4: Implementación de políticas para creación de encuestas de satisfacción a las campañas de MPLA/Logica de negocio/Planning" start="@1408892400000" delta="60" comment="Reunion de equipo" />
  <time id="32" path="/Proyecto/Proyecto3GM/Encuestas/Integracion/Postmortem" start="@1409428800000" delta="360" comment="Tiempo de documentaion y postmortem" />
  <time id="33" path="/Proyecto/Proyecto3GM/Encuestas/Integracion/Postmortem" start="@1409498088000" delta="120" comment="Tiempo de documentaion y postmortem" />
  <time id="34" path="/Proyecto/Proyecto3GM/Encuestas/P3: Implementación módulo de encuestas del AP_CRM/CRM/Postmortem" start="@1409505029929" delta="60" comment="postmortem" />
  <time id="35" path="/Proyecto/Proyecto3GM/Conocimiento de Cliente/Lanzamiento/Asignar roles y tareas" start="@1409889000000" delta="50" comment="reunión de lanzamiento: asignaciónde roles" />
  <time id="36" path="/Proyecto/Proyecto3GM/Manteniemiento del sistema" start="@1410101186000" delta="49" interrupt="29" comment="plan de SVN" />
  <time id="37" path="/Proyecto/Proyecto3GM/Manteniemiento del sistema" start="@1410106130000" delta="18" comment="cambio contrasena maquina B. Bloque cambio automatico" />
  <time id="38" path="/Proyecto/Proyecto3GM/Manteniemiento del sistema" start="@1410110974000" delta="22" comment="plan SVN" />
  <time id="39" path="/Proyecto/Proyecto3GM/Manteniemiento del sistema" start="@1410113053000" delta="27" comment="Ejecución del backup máquina C" />
  <time id="40" path="/Proyecto/Proyecto3GM/Manteniemiento del sistema" start="@1410127752000" delta="93" comment="Versionamiento de máquinas A y B" />
  <time id="41" path="/Proyecto/Proyecto3GM/Conocimiento de Cliente/Lanzamiento/Plan de riesgos" start="@1410134209715" delta="13" comment="plan de riesgos" />
  <time id="42" path="/Proyecto/Proyecto3GM/Conocimiento de Cliente/Lanzamiento/Plan de riesgos" start="@1410137543784" delta="157" interrupt="26" comment="plan de riesgos" />
  <time id="43" path="/Proyecto/Proyecto3GM/Conocimiento de Cliente/Lanzamiento/Plan de riesgos" start="@1410151300278" delta="28" comment="plan de riesgos" />
  <time id="45" path="/Proyecto/Proyecto3GM/Conocimiento de Cliente/P7: Crear campañas enfocadas a clientes con baja actividad./CRM-Atributos/Planning" start="@1410224713000" delta="32" comment="Se hizo una revición de los posibles servicios que se pueden necesitar." />
  <time id="47" path="/Proyecto/Proyecto3GM/Conocimiento de Cliente/Lanzamiento/Asignar roles y tareas" start="@1410227843191" delta="55" />
  <time id="48" path="/Proyecto/Proyecto3GM/Conocimiento de Cliente/Lanzamiento/Plan de riesgos" start="@1410231139928" delta="3" />
  <time id="49" path="/Proyecto/Proyecto3GM/Conocimiento de Cliente/Lanzamiento/Plan de riesgos" start="@1410296328560" delta="19" />
  <time id="50" path="/Proyecto/Proyecto3GM/Conocimiento de Cliente/Integracion de estrategia/Planning" start="@1411610641129" delta="137" />
</timeLogEntries>
