<teamList firstDayOfWeek='2' referenceDate='@1406840400000'>
  <teamMember name='Carlos Felipe Roa' tmid='463994169' initials='CR' color='#9933ff' startDate='@1406505600000' startWeek='0' endWeek='14' hoursPerWeek='6.5'>
    <scheduleException week='9' hours='0.0'/>
    <scheduleException week='10' hours='0.0'/>
    <scheduleException week='13' hours='0.0'/>
  </teamMember>
  <teamMember name='Ingrid Echavarria' tmid='298886272' initials='IE' color='#6666ff' startDate='@1406505600000' startWeek='0' endWeek='14' hoursPerWeek='6.5'>
    <scheduleException week='9' hours='0.0'/>
    <scheduleException week='10' hours='0.0'/>
    <scheduleException week='13' hours='0.0'/>
  </teamMember>
  <teamMember name='Paula Castellanos' tmid='1760066510' initials='PC' color='#00ccff' startDate='@1406505600000' startWeek='0' endWeek='14' hoursPerWeek='6.5'>
    <scheduleException week='9' hours='0.0'/>
    <scheduleException week='10' hours='0.0'/>
    <scheduleException week='13' hours='0.0'/>
  </teamMember>
  <teamMember name='David Abril' tmid='922002177' initials='DA' color='#66ff99' startDate='@1406505600000' startWeek='0' endWeek='14' hoursPerWeek='6.5'>
    <scheduleException week='9' hours='0.0'/>
    <scheduleException week='10' hours='0.0'/>
    <scheduleException week='13' hours='0.0'/>
  </teamMember>
  <teamMember name='Felipe Fagua' tmid='1110217376' initials='FF' color='#ffff66' startDate='@1406505600000' startWeek='0' endWeek='14' hoursPerWeek='6.5'>
    <scheduleException week='9' hours='0.0'/>
    <scheduleException week='10' hours='0.0'/>
    <scheduleException week='13' hours='0.0'/>
  </teamMember>
  <teamMember name='Gabriel Matinez' tmid='18071183' initials='GM' color='#ffcc66' startDate='@1406505600000' startWeek='0' endWeek='14' hoursPerWeek='6.5'>
    <scheduleException week='9' hours='0.0'/>
    <scheduleException week='10' hours='0.0'/>
    <scheduleException week='13' hours='0.0'/>
  </teamMember>
</teamList>
