<?xml version='1.0' encoding='UTF-8' ?>
<timeLogEntries>
  <time id="26" path="/Proyecto/Proyecto3GM/Encuestas/P4: Implementación de políticas para creación de encuestas de satisfacción a las campañas de MPLA/Logica de negocio/Design" start="@1409443214000" delta="120" comment="Elaboracion de manuales del modulo de encuestas" flag="A" />
  <time id="22" comment="Revision y corrección de pruebas ejecutadas" flag="M" />
  <time id="23" comment="Pruebas funcionalidad de encuestas" flag="M" />
  <time id="18" comment="Funcionalidad de busqueda de encuestas" flag="M" />
  <time id="20" comment="Funcionalidad de busqueda de encuestas" flag="M" />
  <time id="19" comment="Funcionalidad de busqueda de encuestas" flag="M" />
  <time id="21" comment="Funcionalidad de busqueda de encuestas" flag="M" />
  <time id="27" path="/Proyecto/Proyecto3GM/Encuestas/P3: Implementación módulo de encuestas del AP_CRM/CRM/Planning" start="@1407078000000" delta="60" comment="Reunion de equipo" flag="A" />
  <time id="28" path="/Proyecto/Proyecto3GM/Encuestas/P3: Implementación módulo de encuestas del AP_CRM/CRM/Planning" start="@1407682800000" comment="Reunion de equipo" flag="A" />
  <time id="29" flag="D" />
  <time id="30" path="/Proyecto/Proyecto3GM/Encuestas/P4: Implementación de políticas para creación de encuestas de satisfacción a las campañas de MPLA/Logica de negocio/Planning" start="@1408287600000" delta="60" comment="Reunion de equipo" flag="A" />
  <time id="31" path="/Proyecto/Proyecto3GM/Encuestas/P4: Implementación de políticas para creación de encuestas de satisfacción a las campañas de MPLA/Logica de negocio/Planning" start="@1408892400000" delta="60" comment="Reunion de equipo" flag="A" />
  <time id="32" flag="D" />
</timeLogEntries>
