<?xml version='1.0' encoding='UTF-8' ?>
<timeLogEntries>
  <time id="2" path="/Proyecto/Proyecto3_IE/Manteniemiento del sistema" start="@1408342502000" delta="38" flag="A" />
  <time id="3" path="/Proyecto/Proyecto3_IE/Manteniemiento del sistema" start="@1408601723000" delta="67" flag="A" />
  <time id="4" path="/Proyecto/Proyecto3_IE/Manteniemiento del sistema" start="@1408688150000" delta="35" flag="A" />
  <time id="5" path="/Proyecto/Proyecto3_IE/Manteniemiento del sistema" start="@1408770000000" delta="75" flag="A" />
  <time id="6" path="/Proyecto/Proyecto3_IE/Manteniemiento del sistema" start="@1408856400000" delta="222" flag="A" />
  <time id="7" path="/Proyecto/Proyecto3_IE/Manteniemiento del sistema" start="@1408942800000" delta="110" flag="A" />
  <time id="8" path="/Proyecto/Proyecto3_IE/Manteniemiento del sistema" start="@1409029200000" delta="28" flag="A" />
  <time id="9" path="/Proyecto/Proyecto3_IE/Manteniemiento del sistema" start="@1409206766000" delta="89" flag="A" />
</timeLogEntries>
